source,target,lag,p_value,effect_size,abs_effect_size,connection_type,connection_string,selection_note,original_connection_type,source_all_links_csv
X1A,Y1A,0,4.759464974864382e-44,0.19521212314284475,0.19521212314284475,-->,"(0,0) --> (1,0)",selected_alpha005_preserved_original_connection_type,-->,non_overlapping_pulse_var_baseline_varbase_p1e4_rand_dt2000_ib1e4_fb1e4_tot1e7_seed7_ns0_Hsin_N1_parcorr_linear_assumed_all_links.csv
X1A,Y1A,1,2.9294022702487284e-14,0.1072916073372689,0.1072916073372689,-->,"(0,-1) --> (1,0)",selected_alpha005_preserved_original_connection_type,-->,non_overlapping_pulse_var_baseline_varbase_p1e4_rand_dt2000_ib1e4_fb1e4_tot1e7_seed7_ns0_Hsin_N1_parcorr_linear_assumed_all_links.csv
X1A,X2A,0,1.51152447924333e-17,0.12024409306584752,0.12024409306584752,<--,"(0,0) <-- (2,0)",selected_alpha005_preserved_original_connection_type,<--,non_overlapping_pulse_var_baseline_varbase_p1e4_rand_dt2000_ib1e4_fb1e4_tot1e7_seed7_ns0_Hsin_N1_parcorr_linear_assumed_all_links.csv
X1A,Y2A,0,2.5744147267280747e-05,0.05955810251559973,0.05955810251559973,-->,"(0,0) --> (3,0)",selected_alpha005_preserved_original_connection_type,-->,non_overlapping_pulse_var_baseline_varbase_p1e4_rand_dt2000_ib1e4_fb1e4_tot1e7_seed7_ns0_Hsin_N1_parcorr_linear_assumed_all_links.csv
X1A,X3A,0,0.0006040966094968571,0.04855095867702157,0.04855095867702157,-->,"(0,0) --> (4,0)",selected_alpha005_preserved_original_connection_type,-->,non_overlapping_pulse_var_baseline_varbase_p1e4_rand_dt2000_ib1e4_fb1e4_tot1e7_seed7_ns0_Hsin_N1_parcorr_linear_assumed_all_links.csv
X1A,Y3A,0,0.00745555512257426,0.03788642905138855,0.03788642905138855,-->,"(0,0) --> (5,0)",selected_alpha005_preserved_original_connection_type,-->,non_overlapping_pulse_var_baseline_varbase_p1e4_rand_dt2000_ib1e4_fb1e4_tot1e7_seed7_ns0_Hsin_N1_parcorr_linear_assumed_all_links.csv
X1A,Y4A,0,0.03387972232209647,0.030069521957202246,0.030069521957202246,-->,"(0,0) --> (7,0)",selected_alpha005_inferred_source_to_target_from_all_links_row,,non_overlapping_pulse_var_baseline_varbase_p1e4_rand_dt2000_ib1e4_fb1e4_tot1e7_seed7_ns0_Hsin_N1_parcorr_linear_assumed_all_links.csv
X1A,X5A,0,0.021547726718094223,0.03257340138239531,0.03257340138239531,-->,"(0,0) --> (8,0)",selected_alpha005_inferred_source_to_target_from_all_links_row,,non_overlapping_pulse_var_baseline_varbase_p1e4_rand_dt2000_ib1e4_fb1e4_tot1e7_seed7_ns0_Hsin_N1_parcorr_linear_assumed_all_links.csv
X1A,X5A,1,0.024078337696510407,0.03194753190765966,0.03194753190765966,-->,"(0,-1) --> (8,0)",selected_alpha005_inferred_source_to_target_from_all_links_row,,non_overlapping_pulse_var_baseline_varbase_p1e4_rand_dt2000_ib1e4_fb1e4_tot1e7_seed7_ns0_Hsin_N1_parcorr_linear_assumed_all_links.csv
X1A,X4B,1,0.034729635186600216,0.029879815408481888,0.029879815408481888,-->,"(0,-1) --> (16,0)",selected_alpha005_inferred_source_to_target_from_all_links_row,,non_overlapping_pulse_var_baseline_varbase_p1e4_rand_dt2000_ib1e4_fb1e4_tot1e7_seed7_ns0_Hsin_N1_parcorr_linear_assumed_all_links.csv
X1A,Y4B,1,0.015135041866824014,0.03438251328056677,0.03438251328056677,-->,"(0,-1) --> (17,0)",selected_alpha005_inferred_source_to_target_from_all_links_row,,non_overlapping_pulse_var_baseline_varbase_p1e4_rand_dt2000_ib1e4_fb1e4_tot1e7_seed7_ns0_Hsin_N1_parcorr_linear_assumed_all_links.csv
Y1A,X1A,0,4.759464974864382e-44,0.19521212314284475,0.19521212314284475,<--,"(1,0) <-- (0,0)",selected_alpha005_preserved_original_connection_type,<--,non_overlapping_pulse_var_baseline_varbase_p1e4_rand_dt2000_ib1e4_fb1e4_tot1e7_seed7_ns0_Hsin_N1_parcorr_linear_assumed_all_links.csv
Y1A,X1A,1,3.783688623463628e-08,0.07775499920374541,0.07775499920374541,<->,"(1,-1) <-> (0,0)",selected_alpha005_preserved_original_connection_type,<->,non_overlapping_pulse_var_baseline_varbase_p1e4_rand_dt2000_ib1e4_fb1e4_tot1e7_seed7_ns0_Hsin_N1_parcorr_linear_assumed_all_links.csv
Y1A,X2A,0,3.2351953113470414e-15,0.11133165720861406,0.11133165720861406,x-x,"(1,0) x-x (2,0)",selected_alpha005_preserved_original_connection_type,x-x,non_overlapping_pulse_var_baseline_varbase_p1e4_rand_dt2000_ib1e4_fb1e4_tot1e7_seed7_ns0_Hsin_N1_parcorr_linear_assumed_all_links.csv
Y1A,Y2A,0,0.0004017678075866811,0.050104209679636136,0.050104209679636136,-->,"(1,0) --> (3,0)",selected_alpha005_preserved_original_connection_type,-->,non_overlapping_pulse_var_baseline_varbase_p1e4_rand_dt2000_ib1e4_fb1e4_tot1e7_seed7_ns0_Hsin_N1_parcorr_linear_assumed_all_links.csv
Y1A,Y2A,1,0.003173780751644383,0.04178389653579009,0.04178389653579009,-->,"(1,-1) --> (3,0)",selected_alpha005_preserved_original_connection_type,-->,non_overlapping_pulse_var_baseline_varbase_p1e4_rand_dt2000_ib1e4_fb1e4_tot1e7_seed7_ns0_Hsin_N1_parcorr_linear_assumed_all_links.csv
Y1A,X3A,0,0.013137039047078474,0.035120133630399515,0.035120133630399515,-->,"(1,0) --> (4,0)",selected_alpha005_inferred_source_to_target_from_all_links_row,,non_overlapping_pulse_var_baseline_varbase_p1e4_rand_dt2000_ib1e4_fb1e4_tot1e7_seed7_ns0_Hsin_N1_parcorr_linear_assumed_all_links.csv
Y1A,X3A,1,1.3303626176317409e-15,0.11282311762853844,0.11282311762853844,-->,"(1,-1) --> (4,0)",selected_alpha005_preserved_original_connection_type,-->,non_overlapping_pulse_var_baseline_varbase_p1e4_rand_dt2000_ib1e4_fb1e4_tot1e7_seed7_ns0_Hsin_N1_parcorr_linear_assumed_all_links.csv
Y1A,Y3A,0,0.0010999264093823945,0.046201795349355666,0.046201795349355666,-->,"(1,0) --> (5,0)",selected_alpha005_preserved_original_connection_type,-->,non_overlapping_pulse_var_baseline_varbase_p1e4_rand_dt2000_ib1e4_fb1e4_tot1e7_seed7_ns0_Hsin_N1_parcorr_linear_assumed_all_links.csv
Y1A,Y3A,1,0.004586595605831177,0.04013509141082457,0.04013509141082457,-->,"(1,-1) --> (5,0)",selected_alpha005_preserved_original_connection_type,-->,non_overlapping_pulse_var_baseline_varbase_p1e4_rand_dt2000_ib1e4_fb1e4_tot1e7_seed7_ns0_Hsin_N1_parcorr_linear_assumed_all_links.csv
Y1A,X4A,1,0.00017890197305359614,0.053020817861856084,0.053020817861856084,-->,"(1,-1) --> (6,0)",selected_alpha005_preserved_original_connection_type,-->,non_overlapping_pulse_var_baseline_varbase_p1e4_rand_dt2000_ib1e4_fb1e4_tot1e7_seed7_ns0_Hsin_N1_parcorr_linear_assumed_all_links.csv
Y1A,Y4A,1,0.013318767467979964,0.035054266059580286,0.035054266059580286,-->,"(1,-1) --> (7,0)",selected_alpha005_inferred_source_to_target_from_all_links_row,,non_overlapping_pulse_var_baseline_varbase_p1e4_rand_dt2000_ib1e4_fb1e4_tot1e7_seed7_ns0_Hsin_N1_parcorr_linear_assumed_all_links.csv
Y1A,X5A,1,0.04555195209996356,0.028304408766452065,0.028304408766452065,-->,"(1,-1) --> (8,0)",selected_alpha005_inferred_source_to_target_from_all_links_row,,non_overlapping_pulse_var_baseline_varbase_p1e4_rand_dt2000_ib1e4_fb1e4_tot1e7_seed7_ns0_Hsin_N1_parcorr_linear_assumed_all_links.csv
Y1A,X1B,0,0.02055589472933164,-0.032815609741256906,0.032815609741256906,-->,"(1,0) --> (10,0)",selected_alpha005_inferred_source_to_target_from_all_links_row,,non_overlapping_pulse_var_baseline_varbase_p1e4_rand_dt2000_ib1e4_fb1e4_tot1e7_seed7_ns0_Hsin_N1_parcorr_linear_assumed_all_links.csv
Y1A,Y1B,1,0.018873582621127524,-0.03324172662806521,0.03324172662806521,-->,"(1,-1) --> (11,0)",selected_alpha005_inferred_source_to_target_from_all_links_row,,non_overlapping_pulse_var_baseline_varbase_p1e4_rand_dt2000_ib1e4_fb1e4_tot1e7_seed7_ns0_Hsin_N1_parcorr_linear_assumed_all_links.csv
X2A,X1A,0,1.51152447924333e-17,0.12024409306584752,0.12024409306584752,-->,"(2,0) --> (0,0)",selected_alpha005_preserved_original_connection_type,-->,non_overlapping_pulse_var_baseline_varbase_p1e4_rand_dt2000_ib1e4_fb1e4_tot1e7_seed7_ns0_Hsin_N1_parcorr_linear_assumed_all_links.csv
X2A,Y1A,0,3.2351953113470414e-15,0.11133165720861406,0.11133165720861406,x-x,"(2,0) x-x (1,0)",selected_alpha005_preserved_original_connection_type,x-x,non_overlapping_pulse_var_baseline_varbase_p1e4_rand_dt2000_ib1e4_fb1e4_tot1e7_seed7_ns0_Hsin_N1_parcorr_linear_assumed_all_links.csv
X2A,Y1A,1,1.5373964038332325e-06,0.06798471522155108,0.06798471522155108,-->,"(2,-1) --> (1,0)",selected_alpha005_preserved_original_connection_type,-->,non_overlapping_pulse_var_baseline_varbase_p1e4_rand_dt2000_ib1e4_fb1e4_tot1e7_seed7_ns0_Hsin_N1_parcorr_linear_assumed_all_links.csv
X2A,Y2A,0,0.00024102929182188615,0.05198031924915536,0.05198031924915536,<--,"(2,0) <-- (3,0)",selected_alpha005_preserved_original_connection_type,<--,non_overlapping_pulse_var_baseline_varbase_p1e4_rand_dt2000_ib1e4_fb1e4_tot1e7_seed7_ns0_Hsin_N1_parcorr_linear_assumed_all_links.csv
X2A,Y2A,1,6.841889996967819e-10,0.0872391760250998,0.0872391760250998,-->,"(2,-1) --> (3,0)",selected_alpha005_preserved_original_connection_type,-->,non_overlapping_pulse_var_baseline_varbase_p1e4_rand_dt2000_ib1e4_fb1e4_tot1e7_seed7_ns0_Hsin_N1_parcorr_linear_assumed_all_links.csv
X2A,X3A,0,4.6486418676464045e-07,0.07129298759089563,0.07129298759089563,<--,"(2,0) <-- (4,0)",selected_alpha005_preserved_original_connection_type,<--,non_overlapping_pulse_var_baseline_varbase_p1e4_rand_dt2000_ib1e4_fb1e4_tot1e7_seed7_ns0_Hsin_N1_parcorr_linear_assumed_all_links.csv
X2A,X3A,1,0.0001131104232877095,0.05463011201508598,0.05463011201508598,-->,"(2,-1) --> (4,0)",selected_alpha005_preserved_original_connection_type,-->,non_overlapping_pulse_var_baseline_varbase_p1e4_rand_dt2000_ib1e4_fb1e4_tot1e7_seed7_ns0_Hsin_N1_parcorr_linear_assumed_all_links.csv
X2A,X4A,0,0.019579918156888705,0.0330476422478737,0.0330476422478737,-->,"(2,0) --> (6,0)",selected_alpha005_inferred_source_to_target_from_all_links_row,,non_overlapping_pulse_var_baseline_varbase_p1e4_rand_dt2000_ib1e4_fb1e4_tot1e7_seed7_ns0_Hsin_N1_parcorr_linear_assumed_all_links.csv
X2A,Y4A,1,0.0246541432111099,0.03181875524318793,0.03181875524318793,-->,"(2,-1) --> (7,0)",selected_alpha005_inferred_source_to_target_from_all_links_row,,non_overlapping_pulse_var_baseline_varbase_p1e4_rand_dt2000_ib1e4_fb1e4_tot1e7_seed7_ns0_Hsin_N1_parcorr_linear_assumed_all_links.csv
Y2A,X1A,0,2.5744147267280747e-05,0.05955810251559973,0.05955810251559973,<--,"(3,0) <-- (0,0)",selected_alpha005_preserved_original_connection_type,<--,non_overlapping_pulse_var_baseline_varbase_p1e4_rand_dt2000_ib1e4_fb1e4_tot1e7_seed7_ns0_Hsin_N1_parcorr_linear_assumed_all_links.csv
Y2A,X1A,1,0.018710847768065902,0.03327400520915738,0.03327400520915738,-->,"(3,-1) --> (0,0)",selected_alpha005_inferred_source_to_target_from_all_links_row,,non_overlapping_pulse_var_baseline_varbase_p1e4_rand_dt2000_ib1e4_fb1e4_tot1e7_seed7_ns0_Hsin_N1_parcorr_linear_assumed_all_links.csv
Y2A,Y1A,0,0.0004017678075866811,0.050104209679636136,0.050104209679636136,<--,"(3,0) <-- (1,0)",selected_alpha005_preserved_original_connection_type,<--,non_overlapping_pulse_var_baseline_varbase_p1e4_rand_dt2000_ib1e4_fb1e4_tot1e7_seed7_ns0_Hsin_N1_parcorr_linear_assumed_all_links.csv
Y2A,Y1A,1,7.541217572047363e-05,0.056013798344239134,0.056013798344239134,-->,"(3,-1) --> (1,0)",selected_alpha005_preserved_original_connection_type,-->,non_overlapping_pulse_var_baseline_varbase_p1e4_rand_dt2000_ib1e4_fb1e4_tot1e7_seed7_ns0_Hsin_N1_parcorr_linear_assumed_all_links.csv
Y2A,X2A,0,0.00024102929182188615,0.05198031924915536,0.05198031924915536,-->,"(3,0) --> (2,0)",selected_alpha005_preserved_original_connection_type,-->,non_overlapping_pulse_var_baseline_varbase_p1e4_rand_dt2000_ib1e4_fb1e4_tot1e7_seed7_ns0_Hsin_N1_parcorr_linear_assumed_all_links.csv
Y2A,X3A,0,0.000958569836387495,0.04675952117855047,0.04675952117855047,-->,"(3,0) --> (4,0)",selected_alpha005_preserved_original_connection_type,-->,non_overlapping_pulse_var_baseline_varbase_p1e4_rand_dt2000_ib1e4_fb1e4_tot1e7_seed7_ns0_Hsin_N1_parcorr_linear_assumed_all_links.csv
Y2A,X3A,1,1.8513617579573293e-09,0.08496008580481375,0.08496008580481375,-->,"(3,-1) --> (4,0)",selected_alpha005_preserved_original_connection_type,-->,non_overlapping_pulse_var_baseline_varbase_p1e4_rand_dt2000_ib1e4_fb1e4_tot1e7_seed7_ns0_Hsin_N1_parcorr_linear_assumed_all_links.csv
Y2A,Y3A,0,0.0005526347272269889,0.04890621604639651,0.04890621604639651,<->,"(3,0) <-> (5,0)",selected_alpha005_preserved_original_connection_type,<->,non_overlapping_pulse_var_baseline_varbase_p1e4_rand_dt2000_ib1e4_fb1e4_tot1e7_seed7_ns0_Hsin_N1_parcorr_linear_assumed_all_links.csv
Y2A,Y3A,1,0.00026732819755482395,0.05159465005566352,0.05159465005566352,-->,"(3,-1) --> (5,0)",selected_alpha005_preserved_original_connection_type,-->,non_overlapping_pulse_var_baseline_varbase_p1e4_rand_dt2000_ib1e4_fb1e4_tot1e7_seed7_ns0_Hsin_N1_parcorr_linear_assumed_all_links.csv
Y2A,X4A,1,2.3585549540874378e-07,0.07309598109286415,0.07309598109286415,-->,"(3,-1) --> (6,0)",selected_alpha005_preserved_original_connection_type,-->,non_overlapping_pulse_var_baseline_varbase_p1e4_rand_dt2000_ib1e4_fb1e4_tot1e7_seed7_ns0_Hsin_N1_parcorr_linear_assumed_all_links.csv
Y2A,Y4A,1,0.015712234635044314,0.03420041724402549,0.03420041724402549,-->,"(3,-1) --> (7,0)",selected_alpha005_inferred_source_to_target_from_all_links_row,,non_overlapping_pulse_var_baseline_varbase_p1e4_rand_dt2000_ib1e4_fb1e4_tot1e7_seed7_ns0_Hsin_N1_parcorr_linear_assumed_all_links.csv
Y2A,X5A,1,0.03606785098849956,0.02969264923038419,0.02969264923038419,-->,"(3,-1) --> (8,0)",selected_alpha005_inferred_source_to_target_from_all_links_row,,non_overlapping_pulse_var_baseline_varbase_p1e4_rand_dt2000_ib1e4_fb1e4_tot1e7_seed7_ns0_Hsin_N1_parcorr_linear_assumed_all_links.csv
Y2A,X1B,0,0.01913640861794293,0.033205403086911355,0.033205403086911355,-->,"(3,0) --> (10,0)",selected_alpha005_inferred_source_to_target_from_all_links_row,,non_overlapping_pulse_var_baseline_varbase_p1e4_rand_dt2000_ib1e4_fb1e4_tot1e7_seed7_ns0_Hsin_N1_parcorr_linear_assumed_all_links.csv
Y2A,X3B,0,0.03170608055223325,0.03044937530958366,0.03044937530958366,-->,"(3,0) --> (14,0)",selected_alpha005_inferred_source_to_target_from_all_links_row,,non_overlapping_pulse_var_baseline_varbase_p1e4_rand_dt2000_ib1e4_fb1e4_tot1e7_seed7_ns0_Hsin_N1_parcorr_linear_assumed_all_links.csv
X3A,X1A,0,0.0006040966094968571,0.04855095867702157,0.04855095867702157,<--,"(4,0) <-- (0,0)",selected_alpha005_preserved_original_connection_type,<--,non_overlapping_pulse_var_baseline_varbase_p1e4_rand_dt2000_ib1e4_fb1e4_tot1e7_seed7_ns0_Hsin_N1_parcorr_linear_assumed_all_links.csv
X3A,Y1A,0,0.013137039047078474,0.035120133630399515,0.035120133630399515,-->,"(4,0) --> (1,0)",selected_alpha005_inferred_source_to_target_from_all_links_row,,non_overlapping_pulse_var_baseline_varbase_p1e4_rand_dt2000_ib1e4_fb1e4_tot1e7_seed7_ns0_Hsin_N1_parcorr_linear_assumed_all_links.csv
X3A,X2A,0,4.6486418676464045e-07,0.07129298759089563,0.07129298759089563,-->,"(4,0) --> (2,0)",selected_alpha005_preserved_original_connection_type,-->,non_overlapping_pulse_var_baseline_varbase_p1e4_rand_dt2000_ib1e4_fb1e4_tot1e7_seed7_ns0_Hsin_N1_parcorr_linear_assumed_all_links.csv
X3A,Y2A,0,0.000958569836387495,0.04675952117855047,0.04675952117855047,<--,"(4,0) <-- (3,0)",selected_alpha005_preserved_original_connection_type,<--,non_overlapping_pulse_var_baseline_varbase_p1e4_rand_dt2000_ib1e4_fb1e4_tot1e7_seed7_ns0_Hsin_N1_parcorr_linear_assumed_all_links.csv
X3A,Y2A,1,0.00766970245533724,0.037755721379409704,0.037755721379409704,-->,"(4,-1) --> (3,0)",selected_alpha005_preserved_original_connection_type,-->,non_overlapping_pulse_var_baseline_varbase_p1e4_rand_dt2000_ib1e4_fb1e4_tot1e7_seed7_ns0_Hsin_N1_parcorr_linear_assumed_all_links.csv
X3A,Y3A,0,0.01889154458340318,0.03325337970067702,0.03325337970067702,-->,"(4,0) --> (5,0)",selected_alpha005_inferred_source_to_target_from_all_links_row,,non_overlapping_pulse_var_baseline_varbase_p1e4_rand_dt2000_ib1e4_fb1e4_tot1e7_seed7_ns0_Hsin_N1_parcorr_linear_assumed_all_links.csv
X3A,Y3A,1,3.1494455756271005e-08,0.07823303688590919,0.07823303688590919,-->,"(4,-1) --> (5,0)",selected_alpha005_preserved_original_connection_type,-->,non_overlapping_pulse_var_baseline_varbase_p1e4_rand_dt2000_ib1e4_fb1e4_tot1e7_seed7_ns0_Hsin_N1_parcorr_linear_assumed_all_links.csv
X3A,X4A,1,0.0024680935214055266,0.04284537245910231,0.04284537245910231,-->,"(4,-1) --> (6,0)",selected_alpha005_preserved_original_connection_type,-->,non_overlapping_pulse_var_baseline_varbase_p1e4_rand_dt2000_ib1e4_fb1e4_tot1e7_seed7_ns0_Hsin_N1_parcorr_linear_assumed_all_links.csv
X3A,Y4A,1,0.0031558544048646627,0.04178770236867785,0.04178770236867785,-->,"(4,-1) --> (7,0)",selected_alpha005_preserved_original_connection_type,-->,non_overlapping_pulse_var_baseline_varbase_p1e4_rand_dt2000_ib1e4_fb1e4_tot1e7_seed7_ns0_Hsin_N1_parcorr_linear_assumed_all_links.csv
X3A,X5A,0,0.03508288278775673,0.02984579034601392,0.02984579034601392,-->,"(4,0) --> (8,0)",selected_alpha005_inferred_source_to_target_from_all_links_row,,non_overlapping_pulse_var_baseline_varbase_p1e4_rand_dt2000_ib1e4_fb1e4_tot1e7_seed7_ns0_Hsin_N1_parcorr_linear_assumed_all_links.csv
Y3A,X1A,0,0.00745555512257426,0.03788642905138855,0.03788642905138855,<--,"(5,0) <-- (0,0)",selected_alpha005_preserved_original_connection_type,<--,non_overlapping_pulse_var_baseline_varbase_p1e4_rand_dt2000_ib1e4_fb1e4_tot1e7_seed7_ns0_Hsin_N1_parcorr_linear_assumed_all_links.csv
Y3A,X1A,1,0.032615948371523956,-0.030234398763107122,0.030234398763107122,-->,"(5,-1) --> (0,0)",selected_alpha005_inferred_source_to_target_from_all_links_row,,non_overlapping_pulse_var_baseline_varbase_p1e4_rand_dt2000_ib1e4_fb1e4_tot1e7_seed7_ns0_Hsin_N1_parcorr_linear_assumed_all_links.csv
Y3A,Y1A,0,0.0010999264093823945,0.046201795349355666,0.046201795349355666,<--,"(5,0) <-- (1,0)",selected_alpha005_preserved_original_connection_type,<--,non_overlapping_pulse_var_baseline_varbase_p1e4_rand_dt2000_ib1e4_fb1e4_tot1e7_seed7_ns0_Hsin_N1_parcorr_linear_assumed_all_links.csv
Y3A,Y1A,1,0.005784975345754313,0.03905456751773752,0.03905456751773752,<->,"(5,-1) <-> (1,0)",selected_alpha005_preserved_original_connection_type,<->,non_overlapping_pulse_var_baseline_varbase_p1e4_rand_dt2000_ib1e4_fb1e4_tot1e7_seed7_ns0_Hsin_N1_parcorr_linear_assumed_all_links.csv
Y3A,Y2A,0,0.0005526347272269889,0.04890621604639651,0.04890621604639651,<->,"(5,0) <-> (3,0)",selected_alpha005_preserved_original_connection_type,<->,non_overlapping_pulse_var_baseline_varbase_p1e4_rand_dt2000_ib1e4_fb1e4_tot1e7_seed7_ns0_Hsin_N1_parcorr_linear_assumed_all_links.csv
Y3A,Y2A,1,0.0002267364179206249,0.05219551167177892,0.05219551167177892,<->,"(5,-1) <-> (3,0)",selected_alpha005_preserved_original_connection_type,<->,non_overlapping_pulse_var_baseline_varbase_p1e4_rand_dt2000_ib1e4_fb1e4_tot1e7_seed7_ns0_Hsin_N1_parcorr_linear_assumed_all_links.csv
Y3A,X3A,0,0.01889154458340318,0.03325337970067702,0.03325337970067702,-->,"(5,0) --> (4,0)",selected_alpha005_inferred_source_to_target_from_all_links_row,,non_overlapping_pulse_var_baseline_varbase_p1e4_rand_dt2000_ib1e4_fb1e4_tot1e7_seed7_ns0_Hsin_N1_parcorr_linear_assumed_all_links.csv
Y3A,X3A,1,8.899548020908878e-06,0.06284663752644246,0.06284663752644246,<->,"(5,-1) <-> (4,0)",selected_alpha005_preserved_original_connection_type,<->,non_overlapping_pulse_var_baseline_varbase_p1e4_rand_dt2000_ib1e4_fb1e4_tot1e7_seed7_ns0_Hsin_N1_parcorr_linear_assumed_all_links.csv
Y3A,X4A,1,2.8997279069475686e-05,0.059165168647248266,0.059165168647248266,<->,"(5,-1) <-> (6,0)",selected_alpha005_preserved_original_connection_type,<->,non_overlapping_pulse_var_baseline_varbase_p1e4_rand_dt2000_ib1e4_fb1e4_tot1e7_seed7_ns0_Hsin_N1_parcorr_linear_assumed_all_links.csv
Y3A,Y4A,1,0.00040072901834725026,0.050093794077056324,0.050093794077056324,-->,"(5,-1) --> (7,0)",selected_alpha005_preserved_original_connection_type,-->,non_overlapping_pulse_var_baseline_varbase_p1e4_rand_dt2000_ib1e4_fb1e4_tot1e7_seed7_ns0_Hsin_N1_parcorr_linear_assumed_all_links.csv
Y3A,X5A,1,9.770062781526703e-06,0.06254383748442374,0.06254383748442374,-->,"(5,-1) --> (8,0)",selected_alpha005_preserved_original_connection_type,-->,non_overlapping_pulse_var_baseline_varbase_p1e4_rand_dt2000_ib1e4_fb1e4_tot1e7_seed7_ns0_Hsin_N1_parcorr_linear_assumed_all_links.csv
Y3A,Y5A,0,0.039438898437608026,0.02916587812494247,0.02916587812494247,-->,"(5,0) --> (9,0)",selected_alpha005_inferred_source_to_target_from_all_links_row,,non_overlapping_pulse_var_baseline_varbase_p1e4_rand_dt2000_ib1e4_fb1e4_tot1e7_seed7_ns0_Hsin_N1_parcorr_linear_assumed_all_links.csv
Y3A,Y5A,1,0.012967925193752025,0.03515023938408745,0.03515023938408745,-->,"(5,-1) --> (9,0)",selected_alpha005_inferred_source_to_target_from_all_links_row,,non_overlapping_pulse_var_baseline_varbase_p1e4_rand_dt2000_ib1e4_fb1e4_tot1e7_seed7_ns0_Hsin_N1_parcorr_linear_assumed_all_links.csv
X4A,X1A,1,0.01668574025580012,-0.033865753576785965,0.033865753576785965,-->,"(6,-1) --> (0,0)",selected_alpha005_inferred_source_to_target_from_all_links_row,,non_overlapping_pulse_var_baseline_varbase_p1e4_rand_dt2000_ib1e4_fb1e4_tot1e7_seed7_ns0_Hsin_N1_parcorr_linear_assumed_all_links.csv
X4A,X2A,0,0.019579918156888705,0.0330476422478737,0.0330476422478737,-->,"(6,0) --> (2,0)",selected_alpha005_inferred_source_to_target_from_all_links_row,,non_overlapping_pulse_var_baseline_varbase_p1e4_rand_dt2000_ib1e4_fb1e4_tot1e7_seed7_ns0_Hsin_N1_parcorr_linear_assumed_all_links.csv
X4A,X2A,1,0.012236369531498325,0.03544864276684569,0.03544864276684569,-->,"(6,-1) --> (2,0)",selected_alpha005_inferred_source_to_target_from_all_links_row,,non_overlapping_pulse_var_baseline_varbase_p1e4_rand_dt2000_ib1e4_fb1e4_tot1e7_seed7_ns0_Hsin_N1_parcorr_linear_assumed_all_links.csv
X4A,Y2A,1,0.008380833004422104,0.037328238429709275,0.037328238429709275,-->,"(6,-1) --> (3,0)",selected_alpha005_preserved_original_connection_type,-->,non_overlapping_pulse_var_baseline_varbase_p1e4_rand_dt2000_ib1e4_fb1e4_tot1e7_seed7_ns0_Hsin_N1_parcorr_linear_assumed_all_links.csv
X4A,X3A,1,0.011147128479082561,0.03592683134579823,0.03592683134579823,-->,"(6,-1) --> (4,0)",selected_alpha005_inferred_source_to_target_from_all_links_row,,non_overlapping_pulse_var_baseline_varbase_p1e4_rand_dt2000_ib1e4_fb1e4_tot1e7_seed7_ns0_Hsin_N1_parcorr_linear_assumed_all_links.csv
X4A,Y3A,1,0.0005475327783050635,0.04891706808468095,0.04891706808468095,-->,"(6,-1) --> (5,0)",selected_alpha005_preserved_original_connection_type,-->,non_overlapping_pulse_var_baseline_varbase_p1e4_rand_dt2000_ib1e4_fb1e4_tot1e7_seed7_ns0_Hsin_N1_parcorr_linear_assumed_all_links.csv
X4A,Y4A,1,0.0446478604156331,0.028429466712759716,0.028429466712759716,-->,"(6,-1) --> (7,0)",selected_alpha005_inferred_source_to_target_from_all_links_row,,non_overlapping_pulse_var_baseline_varbase_p1e4_rand_dt2000_ib1e4_fb1e4_tot1e7_seed7_ns0_Hsin_N1_parcorr_linear_assumed_all_links.csv
X4A,X5A,0,0.021205241716868585,0.0326298045496144,0.0326298045496144,-->,"(6,0) --> (8,0)",selected_alpha005_inferred_source_to_target_from_all_links_row,,non_overlapping_pulse_var_baseline_varbase_p1e4_rand_dt2000_ib1e4_fb1e4_tot1e7_seed7_ns0_Hsin_N1_parcorr_linear_assumed_all_links.csv
X4A,X5A,1,0.014305772040623029,0.03466706171301777,0.03466706171301777,-->,"(6,-1) --> (8,0)",selected_alpha005_inferred_source_to_target_from_all_links_row,,non_overlapping_pulse_var_baseline_varbase_p1e4_rand_dt2000_ib1e4_fb1e4_tot1e7_seed7_ns0_Hsin_N1_parcorr_linear_assumed_all_links.csv
X4A,Y5A,1,0.001620327564910473,0.04458598016670859,0.04458598016670859,-->,"(6,-1) --> (9,0)",selected_alpha005_preserved_original_connection_type,-->,non_overlapping_pulse_var_baseline_varbase_p1e4_rand_dt2000_ib1e4_fb1e4_tot1e7_seed7_ns0_Hsin_N1_parcorr_linear_assumed_all_links.csv
X4A,L_B,0,0.019583099507852926,0.033076628737491925,0.033076628737491925,-->,"(6,0) --> (22,0)",selected_alpha005_inferred_source_to_target_from_all_links_row,,non_overlapping_pulse_var_baseline_varbase_p1e4_rand_dt2000_ib1e4_fb1e4_tot1e7_seed7_ns0_Hsin_N1_parcorr_linear_assumed_all_links.csv
Y4A,X1A,0,0.03387972232209647,0.030069521957202246,0.030069521957202246,-->,"(7,0) --> (0,0)",selected_alpha005_inferred_source_to_target_from_all_links_row,,non_overlapping_pulse_var_baseline_varbase_p1e4_rand_dt2000_ib1e4_fb1e4_tot1e7_seed7_ns0_Hsin_N1_parcorr_linear_assumed_all_links.csv
Y4A,X1A,1,0.03785389981377596,-0.02938384702726693,0.02938384702726693,-->,"(7,-1) --> (0,0)",selected_alpha005_inferred_source_to_target_from_all_links_row,,non_overlapping_pulse_var_baseline_varbase_p1e4_rand_dt2000_ib1e4_fb1e4_tot1e7_seed7_ns0_Hsin_N1_parcorr_linear_assumed_all_links.csv
Y4A,Y1A,1,0.011980864612797654,0.035561169401522166,0.035561169401522166,-->,"(7,-1) --> (1,0)",selected_alpha005_inferred_source_to_target_from_all_links_row,,non_overlapping_pulse_var_baseline_varbase_p1e4_rand_dt2000_ib1e4_fb1e4_tot1e7_seed7_ns0_Hsin_N1_parcorr_linear_assumed_all_links.csv
Y4A,Y2A,1,0.0018770901642017662,0.044015151056030107,0.044015151056030107,-->,"(7,-1) --> (3,0)",selected_alpha005_preserved_original_connection_type,-->,non_overlapping_pulse_var_baseline_varbase_p1e4_rand_dt2000_ib1e4_fb1e4_tot1e7_seed7_ns0_Hsin_N1_parcorr_linear_assumed_all_links.csv
Y4A,X3A,1,2.766334535426459e-07,0.07267438031726287,0.07267438031726287,-->,"(7,-1) --> (4,0)",selected_alpha005_preserved_original_connection_type,-->,non_overlapping_pulse_var_baseline_varbase_p1e4_rand_dt2000_ib1e4_fb1e4_tot1e7_seed7_ns0_Hsin_N1_parcorr_linear_assumed_all_links.csv
Y4A,Y3A,1,0.026209042412654017,0.03148674016544484,0.03148674016544484,-->,"(7,-1) --> (5,0)",selected_alpha005_inferred_source_to_target_from_all_links_row,,non_overlapping_pulse_var_baseline_varbase_p1e4_rand_dt2000_ib1e4_fb1e4_tot1e7_seed7_ns0_Hsin_N1_parcorr_linear_assumed_all_links.csv
Y4A,X4A,1,4.012153905372128e-05,0.058108043807767164,0.058108043807767164,-->,"(7,-1) --> (6,0)",selected_alpha005_preserved_original_connection_type,-->,non_overlapping_pulse_var_baseline_varbase_p1e4_rand_dt2000_ib1e4_fb1e4_tot1e7_seed7_ns0_Hsin_N1_parcorr_linear_assumed_all_links.csv
Y4A,X5A,0,0.003740104275914217,0.04105675750657534,0.04105675750657534,-->,"(7,0) --> (8,0)",selected_alpha005_preserved_original_connection_type,-->,non_overlapping_pulse_var_baseline_varbase_p1e4_rand_dt2000_ib1e4_fb1e4_tot1e7_seed7_ns0_Hsin_N1_parcorr_linear_assumed_all_links.csv
Y4A,X5A,1,0.038182231861759355,0.029342586613913056,0.029342586613913056,-->,"(7,-1) --> (8,0)",selected_alpha005_inferred_source_to_target_from_all_links_row,,non_overlapping_pulse_var_baseline_varbase_p1e4_rand_dt2000_ib1e4_fb1e4_tot1e7_seed7_ns0_Hsin_N1_parcorr_linear_assumed_all_links.csv
Y4A,G_B,0,0.04500615259843199,0.028410403015630574,0.028410403015630574,-->,"(7,0) --> (23,0)",selected_alpha005_inferred_source_to_target_from_all_links_row,,non_overlapping_pulse_var_baseline_varbase_p1e4_rand_dt2000_ib1e4_fb1e4_tot1e7_seed7_ns0_Hsin_N1_parcorr_linear_assumed_all_links.csv
Y4A,X0_B,0,0.009194812617521166,-0.03686996121768012,0.03686996121768012,<--,"(7,0) <-- (24,0)",selected_alpha005_preserved_original_connection_type,<--,non_overlapping_pulse_var_baseline_varbase_p1e4_rand_dt2000_ib1e4_fb1e4_tot1e7_seed7_ns0_Hsin_N1_parcorr_linear_assumed_all_links.csv
X5A,X1A,0,0.021547726718094223,0.03257340138239531,0.03257340138239531,-->,"(8,0) --> (0,0)",selected_alpha005_inferred_source_to_target_from_all_links_row,,non_overlapping_pulse_var_baseline_varbase_p1e4_rand_dt2000_ib1e4_fb1e4_tot1e7_seed7_ns0_Hsin_N1_parcorr_linear_assumed_all_links.csv
X5A,Y1A,1,0.011441250369704425,0.03578695728750858,0.03578695728750858,-->,"(8,-1) --> (1,0)",selected_alpha005_inferred_source_to_target_from_all_links_row,,non_overlapping_pulse_var_baseline_varbase_p1e4_rand_dt2000_ib1e4_fb1e4_tot1e7_seed7_ns0_Hsin_N1_parcorr_linear_assumed_all_links.csv
X5A,Y2A,1,0.0053217929870466845,0.03945436185396164,0.03945436185396164,o->,"(8,-1) o-> (3,0)",selected_alpha005_preserved_original_connection_type,o->,non_overlapping_pulse_var_baseline_varbase_p1e4_rand_dt2000_ib1e4_fb1e4_tot1e7_seed7_ns0_Hsin_N1_parcorr_linear_assumed_all_links.csv
X5A,X3A,0,0.03508288278775673,0.02984579034601392,0.02984579034601392,-->,"(8,0) --> (4,0)",selected_alpha005_inferred_source_to_target_from_all_links_row,,non_overlapping_pulse_var_baseline_varbase_p1e4_rand_dt2000_ib1e4_fb1e4_tot1e7_seed7_ns0_Hsin_N1_parcorr_linear_assumed_all_links.csv
X5A,X3A,1,0.04055648193240719,0.028996683560614,0.028996683560614,-->,"(8,-1) --> (4,0)",selected_alpha005_inferred_source_to_target_from_all_links_row,,non_overlapping_pulse_var_baseline_varbase_p1e4_rand_dt2000_ib1e4_fb1e4_tot1e7_seed7_ns0_Hsin_N1_parcorr_linear_assumed_all_links.csv
X5A,Y3A,1,0.0040895608251125945,0.040646670285567586,0.040646670285567586,-->,"(8,-1) --> (5,0)",selected_alpha005_preserved_original_connection_type,-->,non_overlapping_pulse_var_baseline_varbase_p1e4_rand_dt2000_ib1e4_fb1e4_tot1e7_seed7_ns0_Hsin_N1_parcorr_linear_assumed_all_links.csv
X5A,X4A,0,0.021205241716868585,0.0326298045496144,0.0326298045496144,-->,"(8,0) --> (6,0)",selected_alpha005_inferred_source_to_target_from_all_links_row,,non_overlapping_pulse_var_baseline_varbase_p1e4_rand_dt2000_ib1e4_fb1e4_tot1e7_seed7_ns0_Hsin_N1_parcorr_linear_assumed_all_links.csv
X5A,X4A,1,7.062880029473642e-06,0.06356415407743642,0.06356415407743642,o->,"(8,-1) o-> (6,0)",selected_alpha005_preserved_original_connection_type,o->,non_overlapping_pulse_var_baseline_varbase_p1e4_rand_dt2000_ib1e4_fb1e4_tot1e7_seed7_ns0_Hsin_N1_parcorr_linear_assumed_all_links.csv
X5A,Y4A,0,0.003740104275914217,0.04105675750657534,0.04105675750657534,<--,"(8,0) <-- (7,0)",selected_alpha005_preserved_original_connection_type,<--,non_overlapping_pulse_var_baseline_varbase_p1e4_rand_dt2000_ib1e4_fb1e4_tot1e7_seed7_ns0_Hsin_N1_parcorr_linear_assumed_all_links.csv
X5A,Y4A,1,0.034899908483413546,0.02986977368246715,0.02986977368246715,-->,"(8,-1) --> (7,0)",selected_alpha005_inferred_source_to_target_from_all_links_row,,non_overlapping_pulse_var_baseline_varbase_p1e4_rand_dt2000_ib1e4_fb1e4_tot1e7_seed7_ns0_Hsin_N1_parcorr_linear_assumed_all_links.csv
X5A,Y5A,0,0.017425000237324392,0.03369766809975072,0.03369766809975072,-->,"(8,0) --> (9,0)",selected_alpha005_inferred_source_to_target_from_all_links_row,,non_overlapping_pulse_var_baseline_varbase_p1e4_rand_dt2000_ib1e4_fb1e4_tot1e7_seed7_ns0_Hsin_N1_parcorr_linear_assumed_all_links.csv
X5A,Y4B,0,0.042728556219253304,-0.028721510815656246,0.028721510815656246,-->,"(8,0) --> (17,0)",selected_alpha005_inferred_source_to_target_from_all_links_row,,non_overlapping_pulse_var_baseline_varbase_p1e4_rand_dt2000_ib1e4_fb1e4_tot1e7_seed7_ns0_Hsin_N1_parcorr_linear_assumed_all_links.csv
Y5A,Y2A,1,0.0322046938750889,0.030327524170523992,0.030327524170523992,-->,"(9,-1) --> (3,0)",selected_alpha005_inferred_source_to_target_from_all_links_row,,non_overlapping_pulse_var_baseline_varbase_p1e4_rand_dt2000_ib1e4_fb1e4_tot1e7_seed7_ns0_Hsin_N1_parcorr_linear_assumed_all_links.csv
Y5A,X3A,1,0.0020011683228156702,0.04373820598093381,0.04373820598093381,<->,"(9,-1) <-> (4,0)",selected_alpha005_preserved_original_connection_type,<->,non_overlapping_pulse_var_baseline_varbase_p1e4_rand_dt2000_ib1e4_fb1e4_tot1e7_seed7_ns0_Hsin_N1_parcorr_linear_assumed_all_links.csv
Y5A,Y3A,0,0.039438898437608026,0.02916587812494247,0.02916587812494247,-->,"(9,0) --> (5,0)",selected_alpha005_inferred_source_to_target_from_all_links_row,,non_overlapping_pulse_var_baseline_varbase_p1e4_rand_dt2000_ib1e4_fb1e4_tot1e7_seed7_ns0_Hsin_N1_parcorr_linear_assumed_all_links.csv
Y5A,Y3A,1,0.0018874422119167613,0.04405844232720366,0.04405844232720366,<->,"(9,-1) <-> (5,0)",selected_alpha005_preserved_original_connection_type,<->,non_overlapping_pulse_var_baseline_varbase_p1e4_rand_dt2000_ib1e4_fb1e4_tot1e7_seed7_ns0_Hsin_N1_parcorr_linear_assumed_all_links.csv
Y5A,X4A,1,1.2824114765913607e-08,0.0804243266000835,0.0804243266000835,<->,"(9,-1) <-> (6,0)",selected_alpha005_preserved_original_connection_type,<->,non_overlapping_pulse_var_baseline_varbase_p1e4_rand_dt2000_ib1e4_fb1e4_tot1e7_seed7_ns0_Hsin_N1_parcorr_linear_assumed_all_links.csv
Y5A,Y4A,1,0.0006794074475656995,0.048093521241638855,0.048093521241638855,<->,"(9,-1) <-> (7,0)",selected_alpha005_preserved_original_connection_type,<->,non_overlapping_pulse_var_baseline_varbase_p1e4_rand_dt2000_ib1e4_fb1e4_tot1e7_seed7_ns0_Hsin_N1_parcorr_linear_assumed_all_links.csv
Y5A,X5A,0,0.017425000237324392,0.03369766809975072,0.03369766809975072,-->,"(9,0) --> (8,0)",selected_alpha005_inferred_source_to_target_from_all_links_row,,non_overlapping_pulse_var_baseline_varbase_p1e4_rand_dt2000_ib1e4_fb1e4_tot1e7_seed7_ns0_Hsin_N1_parcorr_linear_assumed_all_links.csv
Y5A,X5A,1,0.00028385077959266873,0.05135564515871151,0.05135564515871151,<->,"(9,-1) <-> (8,0)",selected_alpha005_preserved_original_connection_type,<->,non_overlapping_pulse_var_baseline_varbase_p1e4_rand_dt2000_ib1e4_fb1e4_tot1e7_seed7_ns0_Hsin_N1_parcorr_linear_assumed_all_links.csv
X1B,Y1A,0,0.02055589472933164,-0.032815609741256906,0.032815609741256906,-->,"(10,0) --> (1,0)",selected_alpha005_inferred_source_to_target_from_all_links_row,,non_overlapping_pulse_var_baseline_varbase_p1e4_rand_dt2000_ib1e4_fb1e4_tot1e7_seed7_ns0_Hsin_N1_parcorr_linear_assumed_all_links.csv
X1B,Y2A,0,0.01913640861794293,0.033205403086911355,0.033205403086911355,-->,"(10,0) --> (3,0)",selected_alpha005_inferred_source_to_target_from_all_links_row,,non_overlapping_pulse_var_baseline_varbase_p1e4_rand_dt2000_ib1e4_fb1e4_tot1e7_seed7_ns0_Hsin_N1_parcorr_linear_assumed_all_links.csv
X1B,Y1B,0,2.5818074619156247e-48,0.20470338192643095,0.20470338192643095,-->,"(10,0) --> (11,0)",selected_alpha005_preserved_original_connection_type,-->,non_overlapping_pulse_var_baseline_varbase_p1e4_rand_dt2000_ib1e4_fb1e4_tot1e7_seed7_ns0_Hsin_N1_parcorr_linear_assumed_all_links.csv
X1B,Y1B,1,1.65850312151616e-11,0.095145311893107,0.095145311893107,-->,"(10,-1) --> (11,0)",selected_alpha005_preserved_original_connection_type,-->,non_overlapping_pulse_var_baseline_varbase_p1e4_rand_dt2000_ib1e4_fb1e4_tot1e7_seed7_ns0_Hsin_N1_parcorr_linear_assumed_all_links.csv
X1B,X2B,0,7.217510622945193e-20,0.12884139297980057,0.12884139297980057,x-x,"(10,0) x-x (12,0)",selected_alpha005_preserved_original_connection_type,x-x,non_overlapping_pulse_var_baseline_varbase_p1e4_rand_dt2000_ib1e4_fb1e4_tot1e7_seed7_ns0_Hsin_N1_parcorr_linear_assumed_all_links.csv
X1B,X2B,1,3.2653229535563066e-13,0.10284200279953243,0.10284200279953243,-->,"(10,-1) --> (12,0)",selected_alpha005_preserved_original_connection_type,-->,non_overlapping_pulse_var_baseline_varbase_p1e4_rand_dt2000_ib1e4_fb1e4_tot1e7_seed7_ns0_Hsin_N1_parcorr_linear_assumed_all_links.csv
X1B,Y2B,0,0.0009104426715558224,0.04695405560756612,0.04695405560756612,x-x,"(10,0) x-x (13,0)",selected_alpha005_preserved_original_connection_type,x-x,non_overlapping_pulse_var_baseline_varbase_p1e4_rand_dt2000_ib1e4_fb1e4_tot1e7_seed7_ns0_Hsin_N1_parcorr_linear_assumed_all_links.csv
X1B,Y2B,1,0.013603256174864988,0.034926291165547164,0.034926291165547164,-->,"(10,-1) --> (13,0)",selected_alpha005_inferred_source_to_target_from_all_links_row,,non_overlapping_pulse_var_baseline_varbase_p1e4_rand_dt2000_ib1e4_fb1e4_tot1e7_seed7_ns0_Hsin_N1_parcorr_linear_assumed_all_links.csv
X1B,X3B,0,5.371917498553994e-06,0.0643500096736637,0.0643500096736637,<--,"(10,0) <-- (14,0)",selected_alpha005_preserved_original_connection_type,<--,non_overlapping_pulse_var_baseline_varbase_p1e4_rand_dt2000_ib1e4_fb1e4_tot1e7_seed7_ns0_Hsin_N1_parcorr_linear_assumed_all_links.csv
X1B,X3B,1,0.01048920389007716,0.03621610172807358,0.03621610172807358,-->,"(10,-1) --> (14,0)",selected_alpha005_inferred_source_to_target_from_all_links_row,,non_overlapping_pulse_var_baseline_varbase_p1e4_rand_dt2000_ib1e4_fb1e4_tot1e7_seed7_ns0_Hsin_N1_parcorr_linear_assumed_all_links.csv
X1B,X4B,0,0.012019956798146445,0.03556628834675626,0.03556628834675626,-->,"(10,0) --> (16,0)",selected_alpha005_inferred_source_to_target_from_all_links_row,,non_overlapping_pulse_var_baseline_varbase_p1e4_rand_dt2000_ib1e4_fb1e4_tot1e7_seed7_ns0_Hsin_N1_parcorr_linear_assumed_all_links.csv
X1B,G_A,0,0.013273548260442785,-0.035046858400175906,0.035046858400175906,-->,"(10,0) --> (19,0)",selected_alpha005_inferred_source_to_target_from_all_links_row,,non_overlapping_pulse_var_baseline_varbase_p1e4_rand_dt2000_ib1e4_fb1e4_tot1e7_seed7_ns0_Hsin_N1_parcorr_linear_assumed_all_links.csv
Y1B,Y5A,1,0.019107773825663327,-0.03316007164967802,0.03316007164967802,-->,"(11,-1) --> (9,0)",selected_alpha005_inferred_source_to_target_from_all_links_row,,non_overlapping_pulse_var_baseline_varbase_p1e4_rand_dt2000_ib1e4_fb1e4_tot1e7_seed7_ns0_Hsin_N1_parcorr_linear_assumed_all_links.csv
Y1B,X1B,0,2.5818074619156247e-48,0.20470338192643095,0.20470338192643095,<--,"(11,0) <-- (10,0)",selected_alpha005_preserved_original_connection_type,<--,non_overlapping_pulse_var_baseline_varbase_p1e4_rand_dt2000_ib1e4_fb1e4_tot1e7_seed7_ns0_Hsin_N1_parcorr_linear_assumed_all_links.csv
Y1B,X1B,1,1.1866863358696516e-07,0.07490114610198063,0.07490114610198063,-->,"(11,-1) --> (10,0)",selected_alpha005_preserved_original_connection_type,-->,non_overlapping_pulse_var_baseline_varbase_p1e4_rand_dt2000_ib1e4_fb1e4_tot1e7_seed7_ns0_Hsin_N1_parcorr_linear_assumed_all_links.csv
Y1B,X2B,0,1.4070176430456012e-08,0.08022488238892306,0.08022488238892306,-->,"(11,0) --> (12,0)",selected_alpha005_preserved_original_connection_type,-->,non_overlapping_pulse_var_baseline_varbase_p1e4_rand_dt2000_ib1e4_fb1e4_tot1e7_seed7_ns0_Hsin_N1_parcorr_linear_assumed_all_links.csv
Y1B,X2B,1,7.564988032152488e-17,0.11765252680118857,0.11765252680118857,-->,"(11,-1) --> (12,0)",selected_alpha005_preserved_original_connection_type,-->,non_overlapping_pulse_var_baseline_varbase_p1e4_rand_dt2000_ib1e4_fb1e4_tot1e7_seed7_ns0_Hsin_N1_parcorr_linear_assumed_all_links.csv
Y1B,Y2B,0,8.611458683042822e-08,0.07571567443820856,0.07571567443820856,<--,"(11,0) <-- (13,0)",selected_alpha005_preserved_original_connection_type,<--,non_overlapping_pulse_var_baseline_varbase_p1e4_rand_dt2000_ib1e4_fb1e4_tot1e7_seed7_ns0_Hsin_N1_parcorr_linear_assumed_all_links.csv
Y1B,Y2B,1,1.5915488259142726e-08,0.07989488359240485,0.07989488359240485,-->,"(11,-1) --> (13,0)",selected_alpha005_preserved_original_connection_type,-->,non_overlapping_pulse_var_baseline_varbase_p1e4_rand_dt2000_ib1e4_fb1e4_tot1e7_seed7_ns0_Hsin_N1_parcorr_linear_assumed_all_links.csv
Y1B,X3B,1,1.5275896600607426e-15,0.11256142661559734,0.11256142661559734,-->,"(11,-1) --> (14,0)",selected_alpha005_preserved_original_connection_type,-->,non_overlapping_pulse_var_baseline_varbase_p1e4_rand_dt2000_ib1e4_fb1e4_tot1e7_seed7_ns0_Hsin_N1_parcorr_linear_assumed_all_links.csv
Y1B,Y3B,1,0.0017586383352976,0.044269072628331275,0.044269072628331275,-->,"(11,-1) --> (15,0)",selected_alpha005_preserved_original_connection_type,-->,non_overlapping_pulse_var_baseline_varbase_p1e4_rand_dt2000_ib1e4_fb1e4_tot1e7_seed7_ns0_Hsin_N1_parcorr_linear_assumed_all_links.csv
Y1B,X4B,0,0.037971062958696844,0.029389486517500698,0.029389486517500698,-->,"(11,0) --> (16,0)",selected_alpha005_inferred_source_to_target_from_all_links_row,,non_overlapping_pulse_var_baseline_varbase_p1e4_rand_dt2000_ib1e4_fb1e4_tot1e7_seed7_ns0_Hsin_N1_parcorr_linear_assumed_all_links.csv
Y1B,X4B,1,0.00032226849185505306,0.0508856539684751,0.0508856539684751,-->,"(11,-1) --> (16,0)",selected_alpha005_preserved_original_connection_type,-->,non_overlapping_pulse_var_baseline_varbase_p1e4_rand_dt2000_ib1e4_fb1e4_tot1e7_seed7_ns0_Hsin_N1_parcorr_linear_assumed_all_links.csv
X2B,X1A,1,0.03319238619281204,-0.03014099639399872,0.03014099639399872,-->,"(12,-1) --> (0,0)",selected_alpha005_inferred_source_to_target_from_all_links_row,,non_overlapping_pulse_var_baseline_varbase_p1e4_rand_dt2000_ib1e4_fb1e4_tot1e7_seed7_ns0_Hsin_N1_parcorr_linear_assumed_all_links.csv
X2B,X1B,0,7.217510622945193e-20,0.12884139297980057,0.12884139297980057,x-x,"(12,0) x-x (10,0)",selected_alpha005_preserved_original_connection_type,x-x,non_overlapping_pulse_var_baseline_varbase_p1e4_rand_dt2000_ib1e4_fb1e4_tot1e7_seed7_ns0_Hsin_N1_parcorr_linear_assumed_all_links.csv
X2B,Y1B,0,1.4070176430456012e-08,0.08022488238892306,0.08022488238892306,<--,"(12,0) <-- (11,0)",selected_alpha005_preserved_original_connection_type,<--,non_overlapping_pulse_var_baseline_varbase_p1e4_rand_dt2000_ib1e4_fb1e4_tot1e7_seed7_ns0_Hsin_N1_parcorr_linear_assumed_all_links.csv
X2B,Y1B,1,5.802525074183355e-06,0.06414627792501768,0.06414627792501768,o->,"(12,-1) o-> (11,0)",selected_alpha005_preserved_original_connection_type,o->,non_overlapping_pulse_var_baseline_varbase_p1e4_rand_dt2000_ib1e4_fb1e4_tot1e7_seed7_ns0_Hsin_N1_parcorr_linear_assumed_all_links.csv
X2B,Y2B,0,0.0011460564489649378,0.04602308371520664,0.04602308371520664,<--,"(12,0) <-- (13,0)",selected_alpha005_preserved_original_connection_type,<--,non_overlapping_pulse_var_baseline_varbase_p1e4_rand_dt2000_ib1e4_fb1e4_tot1e7_seed7_ns0_Hsin_N1_parcorr_linear_assumed_all_links.csv
X2B,Y2B,1,0.0006594805413257017,0.04819406552057121,0.04819406552057121,o->,"(12,-1) o-> (13,0)",selected_alpha005_preserved_original_connection_type,o->,non_overlapping_pulse_var_baseline_varbase_p1e4_rand_dt2000_ib1e4_fb1e4_tot1e7_seed7_ns0_Hsin_N1_parcorr_linear_assumed_all_links.csv
X2B,X3B,0,0.013387966480852805,0.0350175294305879,0.0350175294305879,-->,"(12,0) --> (14,0)",selected_alpha005_inferred_source_to_target_from_all_links_row,,non_overlapping_pulse_var_baseline_varbase_p1e4_rand_dt2000_ib1e4_fb1e4_tot1e7_seed7_ns0_Hsin_N1_parcorr_linear_assumed_all_links.csv
X2B,X3B,1,6.222114145130678e-08,0.07651726375534772,0.07651726375534772,o->,"(12,-1) o-> (14,0)",selected_alpha005_preserved_original_connection_type,o->,non_overlapping_pulse_var_baseline_varbase_p1e4_rand_dt2000_ib1e4_fb1e4_tot1e7_seed7_ns0_Hsin_N1_parcorr_linear_assumed_all_links.csv
X2B,Y3B,0,0.007688995899299611,0.03772864143917597,0.03772864143917597,-->,"(12,0) --> (15,0)",selected_alpha005_preserved_original_connection_type,-->,non_overlapping_pulse_var_baseline_varbase_p1e4_rand_dt2000_ib1e4_fb1e4_tot1e7_seed7_ns0_Hsin_N1_parcorr_linear_assumed_all_links.csv
X2B,Y3B,1,0.004430218502247429,0.04027548300327198,0.04027548300327198,-->,"(12,-1) --> (15,0)",selected_alpha005_preserved_original_connection_type,-->,non_overlapping_pulse_var_baseline_varbase_p1e4_rand_dt2000_ib1e4_fb1e4_tot1e7_seed7_ns0_Hsin_N1_parcorr_linear_assumed_all_links.csv
X2B,X4B,0,0.04379979349223676,0.028543321010256577,0.028543321010256577,-->,"(12,0) --> (16,0)",selected_alpha005_inferred_source_to_target_from_all_links_row,,non_overlapping_pulse_var_baseline_varbase_p1e4_rand_dt2000_ib1e4_fb1e4_tot1e7_seed7_ns0_Hsin_N1_parcorr_linear_assumed_all_links.csv
X2B,X4B,1,0.012426881895828116,0.03537839415957562,0.03537839415957562,-->,"(12,-1) --> (16,0)",selected_alpha005_inferred_source_to_target_from_all_links_row,,non_overlapping_pulse_var_baseline_varbase_p1e4_rand_dt2000_ib1e4_fb1e4_tot1e7_seed7_ns0_Hsin_N1_parcorr_linear_assumed_all_links.csv
X2B,Y4B,0,0.014454922935946832,0.03465239323659107,0.03465239323659107,-->,"(12,0) --> (17,0)",selected_alpha005_inferred_source_to_target_from_all_links_row,,non_overlapping_pulse_var_baseline_varbase_p1e4_rand_dt2000_ib1e4_fb1e4_tot1e7_seed7_ns0_Hsin_N1_parcorr_linear_assumed_all_links.csv
Y2B,X1A,1,0.023467460096291005,0.03205818427999581,0.03205818427999581,-->,"(13,-1) --> (0,0)",selected_alpha005_inferred_source_to_target_from_all_links_row,,non_overlapping_pulse_var_baseline_varbase_p1e4_rand_dt2000_ib1e4_fb1e4_tot1e7_seed7_ns0_Hsin_N1_parcorr_linear_assumed_all_links.csv
Y2B,X2A,1,0.04291155478302024,0.028650227109350446,0.028650227109350446,-->,"(13,-1) --> (2,0)",selected_alpha005_inferred_source_to_target_from_all_links_row,,non_overlapping_pulse_var_baseline_varbase_p1e4_rand_dt2000_ib1e4_fb1e4_tot1e7_seed7_ns0_Hsin_N1_parcorr_linear_assumed_all_links.csv
Y2B,X3A,1,0.02492537319197394,0.03175581183943706,0.03175581183943706,-->,"(13,-1) --> (4,0)",selected_alpha005_inferred_source_to_target_from_all_links_row,,non_overlapping_pulse_var_baseline_varbase_p1e4_rand_dt2000_ib1e4_fb1e4_tot1e7_seed7_ns0_Hsin_N1_parcorr_linear_assumed_all_links.csv
Y2B,Y3A,1,0.01708894311257727,0.03377215235573927,0.03377215235573927,-->,"(13,-1) --> (5,0)",selected_alpha005_inferred_source_to_target_from_all_links_row,,non_overlapping_pulse_var_baseline_varbase_p1e4_rand_dt2000_ib1e4_fb1e4_tot1e7_seed7_ns0_Hsin_N1_parcorr_linear_assumed_all_links.csv
Y2B,X1B,0,0.0009104426715558224,0.04695405560756612,0.04695405560756612,x-x,"(13,0) x-x (10,0)",selected_alpha005_preserved_original_connection_type,x-x,non_overlapping_pulse_var_baseline_varbase_p1e4_rand_dt2000_ib1e4_fb1e4_tot1e7_seed7_ns0_Hsin_N1_parcorr_linear_assumed_all_links.csv
Y2B,Y1B,0,8.611458683042822e-08,0.07571567443820856,0.07571567443820856,-->,"(13,0) --> (11,0)",selected_alpha005_preserved_original_connection_type,-->,non_overlapping_pulse_var_baseline_varbase_p1e4_rand_dt2000_ib1e4_fb1e4_tot1e7_seed7_ns0_Hsin_N1_parcorr_linear_assumed_all_links.csv
Y2B,Y1B,1,1.828639712841225e-05,0.06062913315508833,0.06062913315508833,-->,"(13,-1) --> (11,0)",selected_alpha005_preserved_original_connection_type,-->,non_overlapping_pulse_var_baseline_varbase_p1e4_rand_dt2000_ib1e4_fb1e4_tot1e7_seed7_ns0_Hsin_N1_parcorr_linear_assumed_all_links.csv
Y2B,X2B,0,0.0011460564489649378,0.04602308371520664,0.04602308371520664,-->,"(13,0) --> (12,0)",selected_alpha005_preserved_original_connection_type,-->,non_overlapping_pulse_var_baseline_varbase_p1e4_rand_dt2000_ib1e4_fb1e4_tot1e7_seed7_ns0_Hsin_N1_parcorr_linear_assumed_all_links.csv
Y2B,X2B,1,0.0007588511394224839,0.04764977130452648,0.04764977130452648,-->,"(13,-1) --> (12,0)",selected_alpha005_preserved_original_connection_type,-->,non_overlapping_pulse_var_baseline_varbase_p1e4_rand_dt2000_ib1e4_fb1e4_tot1e7_seed7_ns0_Hsin_N1_parcorr_linear_assumed_all_links.csv
Y2B,X3B,0,0.011914782064974521,0.035592325344658525,0.035592325344658525,-->,"(13,0) --> (14,0)",selected_alpha005_inferred_source_to_target_from_all_links_row,,non_overlapping_pulse_var_baseline_varbase_p1e4_rand_dt2000_ib1e4_fb1e4_tot1e7_seed7_ns0_Hsin_N1_parcorr_linear_assumed_all_links.csv
Y2B,X3B,1,1.4561178714850893e-07,0.07433488658349897,0.07433488658349897,-->,"(13,-1) --> (14,0)",selected_alpha005_preserved_original_connection_type,-->,non_overlapping_pulse_var_baseline_varbase_p1e4_rand_dt2000_ib1e4_fb1e4_tot1e7_seed7_ns0_Hsin_N1_parcorr_linear_assumed_all_links.csv
Y2B,Y3B,0,0.0016122103026137125,0.044633492511437764,0.044633492511437764,-->,"(13,0) --> (15,0)",selected_alpha005_preserved_original_connection_type,-->,non_overlapping_pulse_var_baseline_varbase_p1e4_rand_dt2000_ib1e4_fb1e4_tot1e7_seed7_ns0_Hsin_N1_parcorr_linear_assumed_all_links.csv
Y2B,Y3B,1,0.0008394801068100097,0.04724532139611655,0.04724532139611655,-->,"(13,-1) --> (15,0)",selected_alpha005_preserved_original_connection_type,-->,non_overlapping_pulse_var_baseline_varbase_p1e4_rand_dt2000_ib1e4_fb1e4_tot1e7_seed7_ns0_Hsin_N1_parcorr_linear_assumed_all_links.csv
Y2B,Y4B,1,0.00018615759589565481,0.052847953404988705,0.052847953404988705,-->,"(13,-1) --> (17,0)",selected_alpha005_preserved_original_connection_type,-->,non_overlapping_pulse_var_baseline_varbase_p1e4_rand_dt2000_ib1e4_fb1e4_tot1e7_seed7_ns0_Hsin_N1_parcorr_linear_assumed_all_links.csv
Y2B,L_B,0,0.03743388488781739,-0.029483893934556457,0.029483893934556457,-->,"(13,0) --> (22,0)",selected_alpha005_inferred_source_to_target_from_all_links_row,,non_overlapping_pulse_var_baseline_varbase_p1e4_rand_dt2000_ib1e4_fb1e4_tot1e7_seed7_ns0_Hsin_N1_parcorr_linear_assumed_all_links.csv
X3B,X1A,1,0.0279038571701748,0.031109215546403723,0.031109215546403723,-->,"(14,-1) --> (0,0)",selected_alpha005_inferred_source_to_target_from_all_links_row,,non_overlapping_pulse_var_baseline_varbase_p1e4_rand_dt2000_ib1e4_fb1e4_tot1e7_seed7_ns0_Hsin_N1_parcorr_linear_assumed_all_links.csv
X3B,X2A,1,0.04699637335072475,0.028109341812942987,0.028109341812942987,-->,"(14,-1) --> (2,0)",selected_alpha005_inferred_source_to_target_from_all_links_row,,non_overlapping_pulse_var_baseline_varbase_p1e4_rand_dt2000_ib1e4_fb1e4_tot1e7_seed7_ns0_Hsin_N1_parcorr_linear_assumed_all_links.csv
X3B,Y2A,0,0.03170608055223325,0.03044937530958366,0.03044937530958366,-->,"(14,0) --> (3,0)",selected_alpha005_inferred_source_to_target_from_all_links_row,,non_overlapping_pulse_var_baseline_varbase_p1e4_rand_dt2000_ib1e4_fb1e4_tot1e7_seed7_ns0_Hsin_N1_parcorr_linear_assumed_all_links.csv
X3B,X1B,0,5.371917498553994e-06,0.0643500096736637,0.0643500096736637,-->,"(14,0) --> (10,0)",selected_alpha005_preserved_original_connection_type,-->,non_overlapping_pulse_var_baseline_varbase_p1e4_rand_dt2000_ib1e4_fb1e4_tot1e7_seed7_ns0_Hsin_N1_parcorr_linear_assumed_all_links.csv
X3B,Y1B,1,0.00010958040762685824,0.054750433490608104,0.054750433490608104,-->,"(14,-1) --> (11,0)",selected_alpha005_preserved_original_connection_type,-->,non_overlapping_pulse_var_baseline_varbase_p1e4_rand_dt2000_ib1e4_fb1e4_tot1e7_seed7_ns0_Hsin_N1_parcorr_linear_assumed_all_links.csv
X3B,X2B,0,0.013387966480852805,0.0350175294305879,0.0350175294305879,-->,"(14,0) --> (12,0)",selected_alpha005_inferred_source_to_target_from_all_links_row,,non_overlapping_pulse_var_baseline_varbase_p1e4_rand_dt2000_ib1e4_fb1e4_tot1e7_seed7_ns0_Hsin_N1_parcorr_linear_assumed_all_links.csv
X3B,Y2B,0,0.011914782064974521,0.035592325344658525,0.035592325344658525,-->,"(14,0) --> (13,0)",selected_alpha005_inferred_source_to_target_from_all_links_row,,non_overlapping_pulse_var_baseline_varbase_p1e4_rand_dt2000_ib1e4_fb1e4_tot1e7_seed7_ns0_Hsin_N1_parcorr_linear_assumed_all_links.csv
X3B,Y2B,1,4.721466910126192e-08,0.07720298935104213,0.07720298935104213,-->,"(14,-1) --> (13,0)",selected_alpha005_preserved_original_connection_type,-->,non_overlapping_pulse_var_baseline_varbase_p1e4_rand_dt2000_ib1e4_fb1e4_tot1e7_seed7_ns0_Hsin_N1_parcorr_linear_assumed_all_links.csv
X3B,Y3B,1,0.003650481711618188,0.04113948686612233,0.04113948686612233,-->,"(14,-1) --> (15,0)",selected_alpha005_preserved_original_connection_type,-->,non_overlapping_pulse_var_baseline_varbase_p1e4_rand_dt2000_ib1e4_fb1e4_tot1e7_seed7_ns0_Hsin_N1_parcorr_linear_assumed_all_links.csv
X3B,X4B,1,9.039658149597426e-05,0.05539352271388608,0.05539352271388608,<->,"(14,-1) <-> (16,0)",selected_alpha005_preserved_original_connection_type,<->,non_overlapping_pulse_var_baseline_varbase_p1e4_rand_dt2000_ib1e4_fb1e4_tot1e7_seed7_ns0_Hsin_N1_parcorr_linear_assumed_all_links.csv
X3B,Y4B,1,0.018616868439130584,0.03331050315608365,0.03331050315608365,-->,"(14,-1) --> (17,0)",selected_alpha005_inferred_source_to_target_from_all_links_row,,non_overlapping_pulse_var_baseline_varbase_p1e4_rand_dt2000_ib1e4_fb1e4_tot1e7_seed7_ns0_Hsin_N1_parcorr_linear_assumed_all_links.csv
Y3B,X1B,1,0.011886366264288439,0.03560423264560538,0.03560423264560538,-->,"(15,-1) --> (10,0)",selected_alpha005_inferred_source_to_target_from_all_links_row,,non_overlapping_pulse_var_baseline_varbase_p1e4_rand_dt2000_ib1e4_fb1e4_tot1e7_seed7_ns0_Hsin_N1_parcorr_linear_assumed_all_links.csv
Y3B,Y1B,1,0.018924863126398253,0.03323408588820735,0.03323408588820735,-->,"(15,-1) --> (11,0)",selected_alpha005_inferred_source_to_target_from_all_links_row,,non_overlapping_pulse_var_baseline_varbase_p1e4_rand_dt2000_ib1e4_fb1e4_tot1e7_seed7_ns0_Hsin_N1_parcorr_linear_assumed_all_links.csv
Y3B,X2B,0,0.007688995899299611,0.03772864143917597,0.03772864143917597,<--,"(15,0) <-- (12,0)",selected_alpha005_preserved_original_connection_type,<--,non_overlapping_pulse_var_baseline_varbase_p1e4_rand_dt2000_ib1e4_fb1e4_tot1e7_seed7_ns0_Hsin_N1_parcorr_linear_assumed_all_links.csv
Y3B,X2B,1,0.04466236020033006,0.028424687143279115,0.028424687143279115,-->,"(15,-1) --> (12,0)",selected_alpha005_inferred_source_to_target_from_all_links_row,,non_overlapping_pulse_var_baseline_varbase_p1e4_rand_dt2000_ib1e4_fb1e4_tot1e7_seed7_ns0_Hsin_N1_parcorr_linear_assumed_all_links.csv
Y3B,Y2B,0,0.0016122103026137125,0.044633492511437764,0.044633492511437764,<--,"(15,0) <-- (13,0)",selected_alpha005_preserved_original_connection_type,<--,non_overlapping_pulse_var_baseline_varbase_p1e4_rand_dt2000_ib1e4_fb1e4_tot1e7_seed7_ns0_Hsin_N1_parcorr_linear_assumed_all_links.csv
Y3B,Y2B,1,0.04964861575788655,0.02778454510826281,0.02778454510826281,-->,"(15,-1) --> (13,0)",selected_alpha005_inferred_source_to_target_from_all_links_row,,non_overlapping_pulse_var_baseline_varbase_p1e4_rand_dt2000_ib1e4_fb1e4_tot1e7_seed7_ns0_Hsin_N1_parcorr_linear_assumed_all_links.csv
Y3B,X3B,1,0.0003826880298344312,0.05025029338178345,0.05025029338178345,o->,"(15,-1) o-> (14,0)",selected_alpha005_preserved_original_connection_type,o->,non_overlapping_pulse_var_baseline_varbase_p1e4_rand_dt2000_ib1e4_fb1e4_tot1e7_seed7_ns0_Hsin_N1_parcorr_linear_assumed_all_links.csv
Y3B,X4B,1,2.0845814989969827e-06,0.06709995272570889,0.06709995272570889,-->,"(15,-1) --> (16,0)",selected_alpha005_preserved_original_connection_type,-->,non_overlapping_pulse_var_baseline_varbase_p1e4_rand_dt2000_ib1e4_fb1e4_tot1e7_seed7_ns0_Hsin_N1_parcorr_linear_assumed_all_links.csv
Y3B,Y4B,1,0.0004536090278739816,0.049594713864303454,0.049594713864303454,-->,"(15,-1) --> (17,0)",selected_alpha005_preserved_original_connection_type,-->,non_overlapping_pulse_var_baseline_varbase_p1e4_rand_dt2000_ib1e4_fb1e4_tot1e7_seed7_ns0_Hsin_N1_parcorr_linear_assumed_all_links.csv
Y3B,L_B,0,0.03156537757269609,-0.030459226416988987,0.030459226416988987,-->,"(15,0) --> (22,0)",selected_alpha005_inferred_source_to_target_from_all_links_row,,non_overlapping_pulse_var_baseline_varbase_p1e4_rand_dt2000_ib1e4_fb1e4_tot1e7_seed7_ns0_Hsin_N1_parcorr_linear_assumed_all_links.csv
X4B,X5A,1,0.020457388261651464,-0.032824744452907915,0.032824744452907915,-->,"(16,-1) --> (8,0)",selected_alpha005_inferred_source_to_target_from_all_links_row,,non_overlapping_pulse_var_baseline_varbase_p1e4_rand_dt2000_ib1e4_fb1e4_tot1e7_seed7_ns0_Hsin_N1_parcorr_linear_assumed_all_links.csv
X4B,X1B,0,0.012019956798146445,0.03556628834675626,0.03556628834675626,-->,"(16,0) --> (10,0)",selected_alpha005_inferred_source_to_target_from_all_links_row,,non_overlapping_pulse_var_baseline_varbase_p1e4_rand_dt2000_ib1e4_fb1e4_tot1e7_seed7_ns0_Hsin_N1_parcorr_linear_assumed_all_links.csv
X4B,X1B,1,0.02986522559408659,0.030743041100456468,0.030743041100456468,-->,"(16,-1) --> (10,0)",selected_alpha005_inferred_source_to_target_from_all_links_row,,non_overlapping_pulse_var_baseline_varbase_p1e4_rand_dt2000_ib1e4_fb1e4_tot1e7_seed7_ns0_Hsin_N1_parcorr_linear_assumed_all_links.csv
X4B,Y1B,0,0.037971062958696844,0.029389486517500698,0.029389486517500698,-->,"(16,0) --> (11,0)",selected_alpha005_inferred_source_to_target_from_all_links_row,,non_overlapping_pulse_var_baseline_varbase_p1e4_rand_dt2000_ib1e4_fb1e4_tot1e7_seed7_ns0_Hsin_N1_parcorr_linear_assumed_all_links.csv
X4B,Y1B,1,0.011630618228772859,0.03572686907097076,0.03572686907097076,-->,"(16,-1) --> (11,0)",selected_alpha005_inferred_source_to_target_from_all_links_row,,non_overlapping_pulse_var_baseline_varbase_p1e4_rand_dt2000_ib1e4_fb1e4_tot1e7_seed7_ns0_Hsin_N1_parcorr_linear_assumed_all_links.csv
X4B,X2B,0,0.04379979349223676,0.028543321010256577,0.028543321010256577,-->,"(16,0) --> (12,0)",selected_alpha005_inferred_source_to_target_from_all_links_row,,non_overlapping_pulse_var_baseline_varbase_p1e4_rand_dt2000_ib1e4_fb1e4_tot1e7_seed7_ns0_Hsin_N1_parcorr_linear_assumed_all_links.csv
X4B,X2B,1,0.028370439081693982,0.031032686516626034,0.031032686516626034,-->,"(16,-1) --> (12,0)",selected_alpha005_inferred_source_to_target_from_all_links_row,,non_overlapping_pulse_var_baseline_varbase_p1e4_rand_dt2000_ib1e4_fb1e4_tot1e7_seed7_ns0_Hsin_N1_parcorr_linear_assumed_all_links.csv
X4B,Y2B,1,0.02269661293602195,0.03224517030629727,0.03224517030629727,-->,"(16,-1) --> (13,0)",selected_alpha005_inferred_source_to_target_from_all_links_row,,non_overlapping_pulse_var_baseline_varbase_p1e4_rand_dt2000_ib1e4_fb1e4_tot1e7_seed7_ns0_Hsin_N1_parcorr_linear_assumed_all_links.csv
X4B,X3B,1,0.004275143336694106,0.040439725395178296,0.040439725395178296,<->,"(16,-1) <-> (14,0)",selected_alpha005_preserved_original_connection_type,<->,non_overlapping_pulse_var_baseline_varbase_p1e4_rand_dt2000_ib1e4_fb1e4_tot1e7_seed7_ns0_Hsin_N1_parcorr_linear_assumed_all_links.csv
X4B,Y3B,1,0.010285617541508862,0.036312345659155094,0.036312345659155094,-->,"(16,-1) --> (15,0)",selected_alpha005_inferred_source_to_target_from_all_links_row,,non_overlapping_pulse_var_baseline_varbase_p1e4_rand_dt2000_ib1e4_fb1e4_tot1e7_seed7_ns0_Hsin_N1_parcorr_linear_assumed_all_links.csv
X4B,Y4B,0,0.03460489034854974,0.02993939232294493,0.02993939232294493,-->,"(16,0) --> (17,0)",selected_alpha005_inferred_source_to_target_from_all_links_row,,non_overlapping_pulse_var_baseline_varbase_p1e4_rand_dt2000_ib1e4_fb1e4_tot1e7_seed7_ns0_Hsin_N1_parcorr_linear_assumed_all_links.csv
X4B,Y4B,1,0.02756739412152181,0.03117331238138701,0.03117331238138701,-->,"(16,-1) --> (17,0)",selected_alpha005_inferred_source_to_target_from_all_links_row,,non_overlapping_pulse_var_baseline_varbase_p1e4_rand_dt2000_ib1e4_fb1e4_tot1e7_seed7_ns0_Hsin_N1_parcorr_linear_assumed_all_links.csv
X4B,X0_A,0,0.02689976020785227,0.031352758166412024,0.031352758166412024,-->,"(16,0) --> (20,0)",selected_alpha005_inferred_source_to_target_from_all_links_row,,non_overlapping_pulse_var_baseline_varbase_p1e4_rand_dt2000_ib1e4_fb1e4_tot1e7_seed7_ns0_Hsin_N1_parcorr_linear_assumed_all_links.csv
Y4B,Y3A,1,0.010996599184328059,0.03600852129644415,0.03600852129644415,-->,"(17,-1) --> (5,0)",selected_alpha005_inferred_source_to_target_from_all_links_row,,non_overlapping_pulse_var_baseline_varbase_p1e4_rand_dt2000_ib1e4_fb1e4_tot1e7_seed7_ns0_Hsin_N1_parcorr_linear_assumed_all_links.csv
Y4B,X5A,0,0.042728556219253304,-0.028721510815656246,0.028721510815656246,-->,"(17,0) --> (8,0)",selected_alpha005_inferred_source_to_target_from_all_links_row,,non_overlapping_pulse_var_baseline_varbase_p1e4_rand_dt2000_ib1e4_fb1e4_tot1e7_seed7_ns0_Hsin_N1_parcorr_linear_assumed_all_links.csv
Y4B,Y1B,1,0.01167552236753081,0.035704111854963666,0.035704111854963666,-->,"(17,-1) --> (11,0)",selected_alpha005_inferred_source_to_target_from_all_links_row,,non_overlapping_pulse_var_baseline_varbase_p1e4_rand_dt2000_ib1e4_fb1e4_tot1e7_seed7_ns0_Hsin_N1_parcorr_linear_assumed_all_links.csv
Y4B,X2B,0,0.014454922935946832,0.03465239323659107,0.03465239323659107,-->,"(17,0) --> (12,0)",selected_alpha005_inferred_source_to_target_from_all_links_row,,non_overlapping_pulse_var_baseline_varbase_p1e4_rand_dt2000_ib1e4_fb1e4_tot1e7_seed7_ns0_Hsin_N1_parcorr_linear_assumed_all_links.csv
Y4B,X2B,1,0.03653733982261959,0.029600286960096808,0.029600286960096808,-->,"(17,-1) --> (12,0)",selected_alpha005_inferred_source_to_target_from_all_links_row,,non_overlapping_pulse_var_baseline_varbase_p1e4_rand_dt2000_ib1e4_fb1e4_tot1e7_seed7_ns0_Hsin_N1_parcorr_linear_assumed_all_links.csv
Y4B,Y2B,1,0.024538355180986893,0.031822109871492234,0.031822109871492234,-->,"(17,-1) --> (13,0)",selected_alpha005_inferred_source_to_target_from_all_links_row,,non_overlapping_pulse_var_baseline_varbase_p1e4_rand_dt2000_ib1e4_fb1e4_tot1e7_seed7_ns0_Hsin_N1_parcorr_linear_assumed_all_links.csv
Y4B,X3B,1,0.011354212382726141,0.03582843325094117,0.03582843325094117,-->,"(17,-1) --> (14,0)",selected_alpha005_inferred_source_to_target_from_all_links_row,,non_overlapping_pulse_var_baseline_varbase_p1e4_rand_dt2000_ib1e4_fb1e4_tot1e7_seed7_ns0_Hsin_N1_parcorr_linear_assumed_all_links.csv
Y4B,Y3B,1,0.029379122424152974,0.03082866514592315,0.03082866514592315,-->,"(17,-1) --> (15,0)",selected_alpha005_inferred_source_to_target_from_all_links_row,,non_overlapping_pulse_var_baseline_varbase_p1e4_rand_dt2000_ib1e4_fb1e4_tot1e7_seed7_ns0_Hsin_N1_parcorr_linear_assumed_all_links.csv
Y4B,X4B,0,0.03460489034854974,0.02993939232294493,0.02993939232294493,-->,"(17,0) --> (16,0)",selected_alpha005_inferred_source_to_target_from_all_links_row,,non_overlapping_pulse_var_baseline_varbase_p1e4_rand_dt2000_ib1e4_fb1e4_tot1e7_seed7_ns0_Hsin_N1_parcorr_linear_assumed_all_links.csv
Y4B,X4B,1,0.0004851869689203772,0.049360918252779516,0.049360918252779516,o->,"(17,-1) o-> (16,0)",selected_alpha005_preserved_original_connection_type,o->,non_overlapping_pulse_var_baseline_varbase_p1e4_rand_dt2000_ib1e4_fb1e4_tot1e7_seed7_ns0_Hsin_N1_parcorr_linear_assumed_all_links.csv
L_A,X1A,1,1.526146663447826e-15,0.11249584762482084,0.11249584762482084,-->,"(18,-1) --> (0,0)",selected_alpha005_preserved_original_connection_type,-->,non_overlapping_pulse_var_baseline_varbase_p1e4_rand_dt2000_ib1e4_fb1e4_tot1e7_seed7_ns0_Hsin_N1_parcorr_linear_assumed_all_links.csv
L_A,Y1A,1,0.020567180164193587,-0.03276994913145996,0.03276994913145996,-->,"(18,-1) --> (1,0)",selected_alpha005_inferred_source_to_target_from_all_links_row,,non_overlapping_pulse_var_baseline_varbase_p1e4_rand_dt2000_ib1e4_fb1e4_tot1e7_seed7_ns0_Hsin_N1_parcorr_linear_assumed_all_links.csv
L_A,X2A,1,0.0002797943881410514,0.051372141541964206,0.051372141541964206,-->,"(18,-1) --> (2,0)",selected_alpha005_preserved_original_connection_type,-->,non_overlapping_pulse_var_baseline_varbase_p1e4_rand_dt2000_ib1e4_fb1e4_tot1e7_seed7_ns0_Hsin_N1_parcorr_linear_assumed_all_links.csv
L_A,Y2A,1,2.6695815393097003e-30,0.16094966148744405,0.16094966148744405,-->,"(18,-1) --> (3,0)",selected_alpha005_preserved_original_connection_type,-->,non_overlapping_pulse_var_baseline_varbase_p1e4_rand_dt2000_ib1e4_fb1e4_tot1e7_seed7_ns0_Hsin_N1_parcorr_linear_assumed_all_links.csv
L_A,X3A,1,2.351539005742762e-59,0.22702008829185952,0.22702008829185952,-->,"(18,-1) --> (4,0)",selected_alpha005_preserved_original_connection_type,-->,non_overlapping_pulse_var_baseline_varbase_p1e4_rand_dt2000_ib1e4_fb1e4_tot1e7_seed7_ns0_Hsin_N1_parcorr_linear_assumed_all_links.csv
L_A,Y3A,1,1.4993314942725447e-13,0.10434760251654207,0.10434760251654207,-->,"(18,-1) --> (5,0)",selected_alpha005_preserved_original_connection_type,-->,non_overlapping_pulse_var_baseline_varbase_p1e4_rand_dt2000_ib1e4_fb1e4_tot1e7_seed7_ns0_Hsin_N1_parcorr_linear_assumed_all_links.csv
L_A,X4A,1,1.9795765815324456e-28,0.15560994359498753,0.15560994359498753,-->,"(18,-1) --> (6,0)",selected_alpha005_preserved_original_connection_type,-->,non_overlapping_pulse_var_baseline_varbase_p1e4_rand_dt2000_ib1e4_fb1e4_tot1e7_seed7_ns0_Hsin_N1_parcorr_linear_assumed_all_links.csv
L_A,Y4A,1,4.494725224358017e-06,0.06490348847192995,0.06490348847192995,-->,"(18,-1) --> (7,0)",selected_alpha005_preserved_original_connection_type,-->,non_overlapping_pulse_var_baseline_varbase_p1e4_rand_dt2000_ib1e4_fb1e4_tot1e7_seed7_ns0_Hsin_N1_parcorr_linear_assumed_all_links.csv
L_A,X5A,1,0.01772676413160218,0.033577543875972934,0.033577543875972934,-->,"(18,-1) --> (8,0)",selected_alpha005_inferred_source_to_target_from_all_links_row,,non_overlapping_pulse_var_baseline_varbase_p1e4_rand_dt2000_ib1e4_fb1e4_tot1e7_seed7_ns0_Hsin_N1_parcorr_linear_assumed_all_links.csv
G_A,X1A,1,0.046294667522085636,-0.028193717421929596,0.028193717421929596,-->,"(19,-1) --> (0,0)",selected_alpha005_inferred_source_to_target_from_all_links_row,,non_overlapping_pulse_var_baseline_varbase_p1e4_rand_dt2000_ib1e4_fb1e4_tot1e7_seed7_ns0_Hsin_N1_parcorr_linear_assumed_all_links.csv
G_A,Y1A,1,0.0,-0.6114201290534689,0.6114201290534689,-->,"(19,-1) --> (1,0)",selected_alpha005_preserved_original_connection_type,-->,non_overlapping_pulse_var_baseline_varbase_p1e4_rand_dt2000_ib1e4_fb1e4_tot1e7_seed7_ns0_Hsin_N1_parcorr_linear_assumed_all_links.csv
G_A,Y2A,1,2.1912704025016585e-34,-0.17186291180681368,0.17186291180681368,-->,"(19,-1) --> (3,0)",selected_alpha005_preserved_original_connection_type,-->,non_overlapping_pulse_var_baseline_varbase_p1e4_rand_dt2000_ib1e4_fb1e4_tot1e7_seed7_ns0_Hsin_N1_parcorr_linear_assumed_all_links.csv
G_A,Y3A,1,0.0034462954386817977,-0.04140587675437552,0.04140587675437552,-->,"(19,-1) --> (5,0)",selected_alpha005_preserved_original_connection_type,-->,non_overlapping_pulse_var_baseline_varbase_p1e4_rand_dt2000_ib1e4_fb1e4_tot1e7_seed7_ns0_Hsin_N1_parcorr_linear_assumed_all_links.csv
G_A,Y4A,1,9.438932788311655e-05,-0.05526261993091276,0.05526261993091276,-->,"(19,-1) --> (7,0)",selected_alpha005_preserved_original_connection_type,-->,non_overlapping_pulse_var_baseline_varbase_p1e4_rand_dt2000_ib1e4_fb1e4_tot1e7_seed7_ns0_Hsin_N1_parcorr_linear_assumed_all_links.csv
G_A,Y5A,1,0.023768000589394024,-0.031985989096760994,0.031985989096760994,-->,"(19,-1) --> (9,0)",selected_alpha005_inferred_source_to_target_from_all_links_row,,non_overlapping_pulse_var_baseline_varbase_p1e4_rand_dt2000_ib1e4_fb1e4_tot1e7_seed7_ns0_Hsin_N1_parcorr_linear_assumed_all_links.csv
G_A,X1B,0,0.013273548260442785,-0.035046858400175906,0.035046858400175906,-->,"(19,0) --> (10,0)",selected_alpha005_inferred_source_to_target_from_all_links_row,,non_overlapping_pulse_var_baseline_varbase_p1e4_rand_dt2000_ib1e4_fb1e4_tot1e7_seed7_ns0_Hsin_N1_parcorr_linear_assumed_all_links.csv
G_A,X1B,1,0.048494903601119285,0.027923614907225815,0.027923614907225815,-->,"(19,-1) --> (10,0)",selected_alpha005_inferred_source_to_target_from_all_links_row,,non_overlapping_pulse_var_baseline_varbase_p1e4_rand_dt2000_ib1e4_fb1e4_tot1e7_seed7_ns0_Hsin_N1_parcorr_linear_assumed_all_links.csv
G_A,X2B,1,0.02247821645146423,0.0323070031766963,0.0323070031766963,-->,"(19,-1) --> (12,0)",selected_alpha005_inferred_source_to_target_from_all_links_row,,non_overlapping_pulse_var_baseline_varbase_p1e4_rand_dt2000_ib1e4_fb1e4_tot1e7_seed7_ns0_Hsin_N1_parcorr_linear_assumed_all_links.csv
X0_A,X1A,1,3.636437486462701e-20,0.12961884561755763,0.12961884561755763,-->,"(20,-1) --> (0,0)",selected_alpha005_preserved_original_connection_type,-->,non_overlapping_pulse_var_baseline_varbase_p1e4_rand_dt2000_ib1e4_fb1e4_tot1e7_seed7_ns0_Hsin_N1_parcorr_linear_assumed_all_links.csv
X0_A,X4A,1,0.014307497047066537,0.034680343293061064,0.034680343293061064,-->,"(20,-1) --> (6,0)",selected_alpha005_inferred_source_to_target_from_all_links_row,,non_overlapping_pulse_var_baseline_varbase_p1e4_rand_dt2000_ib1e4_fb1e4_tot1e7_seed7_ns0_Hsin_N1_parcorr_linear_assumed_all_links.csv
X0_A,Y2B,1,0.03072766942218321,-0.03058941259927497,0.03058941259927497,-->,"(20,-1) --> (13,0)",selected_alpha005_inferred_source_to_target_from_all_links_row,,non_overlapping_pulse_var_baseline_varbase_p1e4_rand_dt2000_ib1e4_fb1e4_tot1e7_seed7_ns0_Hsin_N1_parcorr_linear_assumed_all_links.csv
X0_A,X4B,0,0.02689976020785227,0.031352758166412024,0.031352758166412024,-->,"(20,0) --> (16,0)",selected_alpha005_inferred_source_to_target_from_all_links_row,,non_overlapping_pulse_var_baseline_varbase_p1e4_rand_dt2000_ib1e4_fb1e4_tot1e7_seed7_ns0_Hsin_N1_parcorr_linear_assumed_all_links.csv
Y6_A,X1A,1,0.02399271626040647,0.031938096496950785,0.031938096496950785,-->,"(21,-1) --> (0,0)",selected_alpha005_inferred_source_to_target_from_all_links_row,,non_overlapping_pulse_var_baseline_varbase_p1e4_rand_dt2000_ib1e4_fb1e4_tot1e7_seed7_ns0_Hsin_N1_parcorr_linear_assumed_all_links.csv
Y6_A,Y1A,1,0.0027178819845582484,0.04241462749025194,0.04241462749025194,-->,"(21,-1) --> (1,0)",selected_alpha005_preserved_original_connection_type,-->,non_overlapping_pulse_var_baseline_varbase_p1e4_rand_dt2000_ib1e4_fb1e4_tot1e7_seed7_ns0_Hsin_N1_parcorr_linear_assumed_all_links.csv
Y6_A,Y2A,1,9.111149052944481e-169,0.37759875157455647,0.37759875157455647,-->,"(21,-1) --> (3,0)",selected_alpha005_preserved_original_connection_type,-->,non_overlapping_pulse_var_baseline_varbase_p1e4_rand_dt2000_ib1e4_fb1e4_tot1e7_seed7_ns0_Hsin_N1_parcorr_linear_assumed_all_links.csv
Y6_A,X3A,1,1.207547171050591e-133,0.33811550121770756,0.33811550121770756,-->,"(21,-1) --> (4,0)",selected_alpha005_preserved_original_connection_type,-->,non_overlapping_pulse_var_baseline_varbase_p1e4_rand_dt2000_ib1e4_fb1e4_tot1e7_seed7_ns0_Hsin_N1_parcorr_linear_assumed_all_links.csv
Y6_A,Y3A,1,0.0,0.5959749972013693,0.5959749972013693,-->,"(21,-1) --> (5,0)",selected_alpha005_preserved_original_connection_type,-->,non_overlapping_pulse_var_baseline_varbase_p1e4_rand_dt2000_ib1e4_fb1e4_tot1e7_seed7_ns0_Hsin_N1_parcorr_linear_assumed_all_links.csv
Y6_A,X4A,1,0.0,0.7161425759686183,0.7161425759686183,-->,"(21,-1) --> (6,0)",selected_alpha005_preserved_original_connection_type,-->,non_overlapping_pulse_var_baseline_varbase_p1e4_rand_dt2000_ib1e4_fb1e4_tot1e7_seed7_ns0_Hsin_N1_parcorr_linear_assumed_all_links.csv
Y6_A,Y4A,1,0.0,0.8125763262452077,0.8125763262452077,-->,"(21,-1) --> (7,0)",selected_alpha005_preserved_original_connection_type,-->,non_overlapping_pulse_var_baseline_varbase_p1e4_rand_dt2000_ib1e4_fb1e4_tot1e7_seed7_ns0_Hsin_N1_parcorr_linear_assumed_all_links.csv
Y6_A,X5A,1,0.0,0.5015833022107402,0.5015833022107402,-->,"(21,-1) --> (8,0)",selected_alpha005_preserved_original_connection_type,-->,non_overlapping_pulse_var_baseline_varbase_p1e4_rand_dt2000_ib1e4_fb1e4_tot1e7_seed7_ns0_Hsin_N1_parcorr_linear_assumed_all_links.csv
Y6_A,Y5A,1,0.0,0.9929946722883556,0.9929946722883556,-->,"(21,-1) --> (9,0)",selected_alpha005_preserved_original_connection_type,-->,non_overlapping_pulse_var_baseline_varbase_p1e4_rand_dt2000_ib1e4_fb1e4_tot1e7_seed7_ns0_Hsin_N1_parcorr_linear_assumed_all_links.csv
Y6_A,X2B,1,0.03400753764867763,-0.030011862529521607,0.030011862529521607,-->,"(21,-1) --> (12,0)",selected_alpha005_inferred_source_to_target_from_all_links_row,,non_overlapping_pulse_var_baseline_varbase_p1e4_rand_dt2000_ib1e4_fb1e4_tot1e7_seed7_ns0_Hsin_N1_parcorr_linear_assumed_all_links.csv
L_B,X4A,0,0.019583099507852926,0.033076628737491925,0.033076628737491925,-->,"(22,0) --> (6,0)",selected_alpha005_inferred_source_to_target_from_all_links_row,,non_overlapping_pulse_var_baseline_varbase_p1e4_rand_dt2000_ib1e4_fb1e4_tot1e7_seed7_ns0_Hsin_N1_parcorr_linear_assumed_all_links.csv
L_B,X1B,1,2.1346623827287127e-199,0.40797836938265863,0.40797836938265863,-->,"(22,-1) --> (10,0)",selected_alpha005_preserved_original_connection_type,-->,non_overlapping_pulse_var_baseline_varbase_p1e4_rand_dt2000_ib1e4_fb1e4_tot1e7_seed7_ns0_Hsin_N1_parcorr_linear_assumed_all_links.csv
L_B,Y1B,1,8.438283349583201e-17,0.11748301681849357,0.11748301681849357,-->,"(22,-1) --> (11,0)",selected_alpha005_preserved_original_connection_type,-->,non_overlapping_pulse_var_baseline_varbase_p1e4_rand_dt2000_ib1e4_fb1e4_tot1e7_seed7_ns0_Hsin_N1_parcorr_linear_assumed_all_links.csv
L_B,X2B,1,2.4624334582563795e-146,0.35296020059383776,0.35296020059383776,-->,"(22,-1) --> (12,0)",selected_alpha005_preserved_original_connection_type,-->,non_overlapping_pulse_var_baseline_varbase_p1e4_rand_dt2000_ib1e4_fb1e4_tot1e7_seed7_ns0_Hsin_N1_parcorr_linear_assumed_all_links.csv
L_B,Y2B,0,0.03743388488781739,-0.029483893934556457,0.029483893934556457,-->,"(22,0) --> (13,0)",selected_alpha005_inferred_source_to_target_from_all_links_row,,non_overlapping_pulse_var_baseline_varbase_p1e4_rand_dt2000_ib1e4_fb1e4_tot1e7_seed7_ns0_Hsin_N1_parcorr_linear_assumed_all_links.csv
L_B,Y2B,1,5.777315807937216e-50,0.20810036075818475,0.20810036075818475,-->,"(22,-1) --> (13,0)",selected_alpha005_preserved_original_connection_type,-->,non_overlapping_pulse_var_baseline_varbase_p1e4_rand_dt2000_ib1e4_fb1e4_tot1e7_seed7_ns0_Hsin_N1_parcorr_linear_assumed_all_links.csv
L_B,X3B,1,1.7364578765406567e-79,0.26250061216448817,0.26250061216448817,-->,"(22,-1) --> (14,0)",selected_alpha005_preserved_original_connection_type,-->,non_overlapping_pulse_var_baseline_varbase_p1e4_rand_dt2000_ib1e4_fb1e4_tot1e7_seed7_ns0_Hsin_N1_parcorr_linear_assumed_all_links.csv
L_B,Y3B,0,0.03156537757269609,-0.030459226416988987,0.030459226416988987,-->,"(22,0) --> (15,0)",selected_alpha005_inferred_source_to_target_from_all_links_row,,non_overlapping_pulse_var_baseline_varbase_p1e4_rand_dt2000_ib1e4_fb1e4_tot1e7_seed7_ns0_Hsin_N1_parcorr_linear_assumed_all_links.csv
L_B,Y3B,1,0.010534678322213376,0.036198455786973685,0.036198455786973685,-->,"(22,-1) --> (15,0)",selected_alpha005_inferred_source_to_target_from_all_links_row,,non_overlapping_pulse_var_baseline_varbase_p1e4_rand_dt2000_ib1e4_fb1e4_tot1e7_seed7_ns0_Hsin_N1_parcorr_linear_assumed_all_links.csv
L_B,X4B,1,8.901340975282214e-11,0.09162664470009763,0.09162664470009763,-->,"(22,-1) --> (16,0)",selected_alpha005_preserved_original_connection_type,-->,non_overlapping_pulse_var_baseline_varbase_p1e4_rand_dt2000_ib1e4_fb1e4_tot1e7_seed7_ns0_Hsin_N1_parcorr_linear_assumed_all_links.csv
L_B,Y4B,1,0.014330891434216775,0.03464424882156491,0.03464424882156491,-->,"(22,-1) --> (17,0)",selected_alpha005_inferred_source_to_target_from_all_links_row,,non_overlapping_pulse_var_baseline_varbase_p1e4_rand_dt2000_ib1e4_fb1e4_tot1e7_seed7_ns0_Hsin_N1_parcorr_linear_assumed_all_links.csv
G_B,Y4A,0,0.04500615259843199,0.028410403015630574,0.028410403015630574,-->,"(23,0) --> (7,0)",selected_alpha005_inferred_source_to_target_from_all_links_row,,non_overlapping_pulse_var_baseline_varbase_p1e4_rand_dt2000_ib1e4_fb1e4_tot1e7_seed7_ns0_Hsin_N1_parcorr_linear_assumed_all_links.csv
G_B,Y1B,1,3.0160821533606107e-276,-0.4727323603084866,0.4727323603084866,-->,"(23,-1) --> (11,0)",selected_alpha005_preserved_original_connection_type,-->,non_overlapping_pulse_var_baseline_varbase_p1e4_rand_dt2000_ib1e4_fb1e4_tot1e7_seed7_ns0_Hsin_N1_parcorr_linear_assumed_all_links.csv
G_B,X2B,1,0.02342957101644586,-0.032079783773196764,0.032079783773196764,-->,"(23,-1) --> (12,0)",selected_alpha005_inferred_source_to_target_from_all_links_row,,non_overlapping_pulse_var_baseline_varbase_p1e4_rand_dt2000_ib1e4_fb1e4_tot1e7_seed7_ns0_Hsin_N1_parcorr_linear_assumed_all_links.csv
G_B,Y2B,1,4.2095297631680115e-40,-0.18597747316911278,0.18597747316911278,-->,"(23,-1) --> (13,0)",selected_alpha005_preserved_original_connection_type,-->,non_overlapping_pulse_var_baseline_varbase_p1e4_rand_dt2000_ib1e4_fb1e4_tot1e7_seed7_ns0_Hsin_N1_parcorr_linear_assumed_all_links.csv
G_B,Y3B,1,0.04431273524450995,-0.02845997875220932,0.02845997875220932,-->,"(23,-1) --> (15,0)",selected_alpha005_inferred_source_to_target_from_all_links_row,,non_overlapping_pulse_var_baseline_varbase_p1e4_rand_dt2000_ib1e4_fb1e4_tot1e7_seed7_ns0_Hsin_N1_parcorr_linear_assumed_all_links.csv
X0_B,X3A,1,0.031091267357512296,0.030526257952585865,0.030526257952585865,-->,"(24,-1) --> (4,0)",selected_alpha005_inferred_source_to_target_from_all_links_row,,non_overlapping_pulse_var_baseline_varbase_p1e4_rand_dt2000_ib1e4_fb1e4_tot1e7_seed7_ns0_Hsin_N1_parcorr_linear_assumed_all_links.csv
X0_B,Y4A,0,0.009194812617521166,-0.03686996121768012,0.03686996121768012,-->,"(24,0) --> (7,0)",selected_alpha005_preserved_original_connection_type,-->,non_overlapping_pulse_var_baseline_varbase_p1e4_rand_dt2000_ib1e4_fb1e4_tot1e7_seed7_ns0_Hsin_N1_parcorr_linear_assumed_all_links.csv
X0_B,Y4A,1,0.008032324380454644,0.03753168483612692,0.03753168483612692,-->,"(24,-1) --> (7,0)",selected_alpha005_preserved_original_connection_type,-->,non_overlapping_pulse_var_baseline_varbase_p1e4_rand_dt2000_ib1e4_fb1e4_tot1e7_seed7_ns0_Hsin_N1_parcorr_linear_assumed_all_links.csv
X0_B,X1B,1,4.140352674420003e-267,0.465561033441782,0.465561033441782,-->,"(24,-1) --> (10,0)",selected_alpha005_preserved_original_connection_type,-->,non_overlapping_pulse_var_baseline_varbase_p1e4_rand_dt2000_ib1e4_fb1e4_tot1e7_seed7_ns0_Hsin_N1_parcorr_linear_assumed_all_links.csv
X0_B,Y1B,1,4.755070401380922e-09,0.08277102941396973,0.08277102941396973,-->,"(24,-1) --> (11,0)",selected_alpha005_preserved_original_connection_type,-->,non_overlapping_pulse_var_baseline_varbase_p1e4_rand_dt2000_ib1e4_fb1e4_tot1e7_seed7_ns0_Hsin_N1_parcorr_linear_assumed_all_links.csv
Y5_B,X2A,1,0.01441520809039831,0.03462822645715481,0.03462822645715481,-->,"(25,-1) --> (2,0)",selected_alpha005_inferred_source_to_target_from_all_links_row,,non_overlapping_pulse_var_baseline_varbase_p1e4_rand_dt2000_ib1e4_fb1e4_tot1e7_seed7_ns0_Hsin_N1_parcorr_linear_assumed_all_links.csv
Y5_B,Y1B,1,5.205255087964954e-76,0.25685548938577407,0.25685548938577407,-->,"(25,-1) --> (11,0)",selected_alpha005_preserved_original_connection_type,-->,non_overlapping_pulse_var_baseline_varbase_p1e4_rand_dt2000_ib1e4_fb1e4_tot1e7_seed7_ns0_Hsin_N1_parcorr_linear_assumed_all_links.csv
Y5_B,X2B,1,4.323549447089311e-67,0.24137810737615864,0.24137810737615864,-->,"(25,-1) --> (12,0)",selected_alpha005_preserved_original_connection_type,-->,non_overlapping_pulse_var_baseline_varbase_p1e4_rand_dt2000_ib1e4_fb1e4_tot1e7_seed7_ns0_Hsin_N1_parcorr_linear_assumed_all_links.csv
Y5_B,Y2B,1,5.120588799734687e-190,0.3988168062429404,0.3988168062429404,-->,"(25,-1) --> (13,0)",selected_alpha005_preserved_original_connection_type,-->,non_overlapping_pulse_var_baseline_varbase_p1e4_rand_dt2000_ib1e4_fb1e4_tot1e7_seed7_ns0_Hsin_N1_parcorr_linear_assumed_all_links.csv
Y5_B,X3B,1,4.698368152503523e-244,0.4470837804476691,0.4470837804476691,-->,"(25,-1) --> (14,0)",selected_alpha005_preserved_original_connection_type,-->,non_overlapping_pulse_var_baseline_varbase_p1e4_rand_dt2000_ib1e4_fb1e4_tot1e7_seed7_ns0_Hsin_N1_parcorr_linear_assumed_all_links.csv
Y5_B,Y3B,1,0.0,0.8100879091041167,0.8100879091041167,-->,"(25,-1) --> (15,0)",selected_alpha005_preserved_original_connection_type,-->,non_overlapping_pulse_var_baseline_varbase_p1e4_rand_dt2000_ib1e4_fb1e4_tot1e7_seed7_ns0_Hsin_N1_parcorr_linear_assumed_all_links.csv
Y5_B,X4B,1,0.0,0.7680705997016554,0.7680705997016554,-->,"(25,-1) --> (16,0)",selected_alpha005_preserved_original_connection_type,-->,non_overlapping_pulse_var_baseline_varbase_p1e4_rand_dt2000_ib1e4_fb1e4_tot1e7_seed7_ns0_Hsin_N1_parcorr_linear_assumed_all_links.csv
Y5_B,Y4B,1,0.0,0.9921328679067569,0.9921328679067569,-->,"(25,-1) --> (17,0)",selected_alpha005_preserved_original_connection_type,-->,non_overlapping_pulse_var_baseline_varbase_p1e4_rand_dt2000_ib1e4_fb1e4_tot1e7_seed7_ns0_Hsin_N1_parcorr_linear_assumed_all_links.csv
