regime,method,output,count,mean_absolute_error,median_absolute_error,max_absolute_error
var,Average LSE,C,60,0.08996165743001984,0.08293161936919513,0.29152742386631036
var,Average LSE,P,60,0.19524935510675415,0.16568695937565892,0.6593480906471232
var,Average LSE,T1,60,0.15926221558759476,0.1429949219712495,0.44848500547918846
var,Average LSE,T2,60,0.17398100915972808,0.14008732060539159,0.6510049187484434
var,Average LSE,T3,60,0.08069854854993905,0.06966564855525445,0.2234737013802217
var,Average LSE,T4,60,0.09420019349908651,0.0706713059091796,0.30264549532792806
var,Average LSE + graph control,C,60,0.06590079450398355,0.0613117894137607,0.1916449336341728
var,Average LSE + graph control,P,60,0.24060774658372422,0.2499386670172603,0.5947582406901901
var,Average LSE + graph control,T1,60,0.09191403844690543,0.03107525186203445,0.3371894117974872
var,Average LSE + graph control,T2,60,0.10334751156894798,0.07899125289372678,0.4686231946296525
var,Average LSE + graph control,T3,60,0.07384454442368361,0.041609001342618204,0.24986736975970913
var,Average LSE + graph control,T4,60,0.06674642954061659,0.028533020701907448,0.2282769875662911
var,Average LSE + graph zero,C,60,0.08996165743001984,0.08293161936919513,0.29152742386631036
var,Average LSE + graph zero,P,60,0.19524935510675415,0.16568695937565892,0.6593480906471232
var,Average LSE + graph zero,T1,60,0.12464741043729273,0.07515969011877743,0.44848500547918846
var,Average LSE + graph zero,T2,60,0.15363375503770854,0.12568483231752858,0.6510049187484434
var,Average LSE + graph zero,T3,60,0.07524973183779074,0.05350696878999628,0.2234737013802217
var,Average LSE + graph zero,T4,60,0.08403840218990567,0.0525032019014711,0.30264549532792806
var,Expanded DML,C,60,0.6074175037410264,0.5765297026642393,1.8632372636858294
var,Expanded DML,P,60,2.0863263565477292,2.049511818372748,4.330329992888403
var,Expanded DML,T1,60,0.4881371487388544,0.20804715036279864,2.8896904442935467
var,Expanded DML,T2,60,0.5253820645282746,0.308596059267981,2.6850941340795345
var,Expanded DML,T3,60,0.16634046840035493,0.06792509017273604,1.2740665188360527
var,Expanded DML,T4,60,0.11588755837049042,0.0712771524690528,0.6037462774172795
var,Expanded DML + graph control,C,60,3.2923169904766403,2.930305537567217,6.859802459866559
var,Expanded DML + graph control,P,60,4.994611371382751,4.603371765948667,12.336241065997747
var,Expanded DML + graph control,T1,60,1.6036099794639573,0.4941812112968361,9.661933379643967
var,Expanded DML + graph control,T2,60,1.9462094408295627,1.0712655825733253,9.382074674550813
var,Expanded DML + graph control,T3,60,0.3259084203163743,0.1035923688583873,1.6495304476366075
var,Expanded DML + graph control,T4,60,0.29714456669294714,0.11761028151616237,1.7723979799371663
var,Expanded DML + graph zero,C,60,0.6074175037410264,0.5765297026642393,1.8632372636858294
var,Expanded DML + graph zero,P,60,2.0863263565477292,2.049511818372748,4.330329992888403
var,Expanded DML + graph zero,T1,60,0.38997205153198433,0.1314879273630717,1.7172957094108927
var,Expanded DML + graph zero,T2,60,0.48707398044867556,0.2865869386273096,2.6850941340795345
var,Expanded DML + graph zero,T3,60,0.09598435606655799,0.03980078559773635,1.2740665188360527
var,Expanded DML + graph zero,T4,60,0.10517099467488614,0.031430434645132746,0.6037462774172795
var,Expanded LSE,C,60,0.28172601271804637,0.1870739451096819,1.0730964090801578
var,Expanded LSE,P,60,0.580622389665579,0.6391067630301643,1.3719708566110285
var,Expanded LSE,T1,60,0.48477396020186325,0.3010366942102265,2.3691186680714953
var,Expanded LSE,T2,60,0.47110067610735634,0.3621982974082948,2.481721590969417
var,Expanded LSE,T3,60,0.18378626094467357,0.14389189484228412,0.4679344707263811
var,Expanded LSE,T4,60,0.1781962186125563,0.1396985572720591,0.5503594251214619
var,Expanded LSE + graph control,C,60,0.2794399292749323,0.18109764192676492,1.0307224147038085
var,Expanded LSE + graph control,P,60,0.5827224961991359,0.6210722621523805,1.371970856611032
var,Expanded LSE + graph control,T1,60,0.41697937774662847,0.26674534121241866,2.3037298488239237
var,Expanded LSE + graph control,T2,60,0.419125599969039,0.2879222991138418,2.3975459743565737
var,Expanded LSE + graph control,T3,60,0.17369913130801232,0.14389189484228318,0.4679344707263829
var,Expanded LSE + graph control,T4,60,0.13970709591282454,0.08099099646834496,0.5503594251214619
var,Expanded LSE + graph zero,C,60,0.28172601271804637,0.1870739451096819,1.0730964090801578
var,Expanded LSE + graph zero,P,60,0.580622389665579,0.6391067630301643,1.3719708566110285
var,Expanded LSE + graph zero,T1,60,0.42178546787755355,0.2718501563351494,2.3691186680714953
var,Expanded LSE + graph zero,T2,60,0.4006851989096188,0.26504037200729713,2.481721590969417
var,Expanded LSE + graph zero,T3,60,0.17574685067617335,0.14389189484228412,0.4679344707263811
var,Expanded LSE + graph zero,T4,60,0.1455952644727348,0.07795321868342076,0.5503594251214619
var,LSTM sequence model,C,60,0.22115349551282695,0.1619047276973724,0.6067969170972294
var,LSTM sequence model,P,60,0.713666407775879,0.3774270210266124,4.0324684715271
var,LSTM sequence model,T1,60,0.3359973060917383,0.18040255857334633,1.0471077287197113
var,LSTM sequence model,T2,60,0.5351220420175608,0.30949358794093007,2.4570064601898194
var,LSTM sequence model,T3,60,0.3172365588421566,0.1275987932067364,2.7008161563873294
var,LSTM sequence model,T4,60,0.1713131419501308,0.046247411802760305,1.3906482486724858
var,Linear residual DML,C,60,0.5020528679215462,0.5155618438539101,1.5258910780920045
var,Linear residual DML,P,60,1.2760498405419083,0.9980224929411117,3.0810607025391334
var,Linear residual DML,T1,60,0.7375388061899578,0.4345428670095337,3.1687367485527966
var,Linear residual DML,T2,60,0.5849970055767159,0.399079258069421,2.909504884280942
var,Linear residual DML,T3,60,0.16901523907826901,0.010896988236824941,1.1195788808889828
var,Linear residual DML,T4,60,0.07439546378145859,0.01380708501746377,0.514756920982538
var,Linear residual DML + graph control,C,60,1.9000696736563152,1.201654267165879,6.051617875471468
var,Linear residual DML + graph control,P,60,3.188564672228936,2.009328390943471,13.875356480598107
var,Linear residual DML + graph control,T1,60,2.339812248219666,1.536461456127184,9.901958989945374
var,Linear residual DML + graph control,T2,60,2.4666960971654595,0.8590950950839122,11.828958896871551
var,Linear residual DML + graph control,T3,60,0.4166965894277754,0.1784825652608415,3.741800308805344
var,Linear residual DML + graph control,T4,60,0.357444461506982,0.12230836266332545,4.550917507018394
var,Linear residual DML + graph zero,C,60,0.5020528679215462,0.5155618438539101,1.5258910780920045
var,Linear residual DML + graph zero,P,60,1.2760498405419083,0.9980224929411117,3.0810607025391334
var,Linear residual DML + graph zero,T1,60,0.6042170221250045,0.1714367025335097,2.639202626018447
var,Linear residual DML + graph zero,T2,60,0.5490630247852596,0.3743276715756716,2.909504884280942
var,Linear residual DML + graph zero,T3,60,0.0860772067103094,0.00812378533753855,1.1195788808889828
var,Linear residual DML + graph zero,T4,60,0.07203001315128375,0.009206869229033465,0.514756920982538
var,Linear state-space estimator,C,60,0.3254462932381107,0.2038400855853939,1.461463979923731
var,Linear state-space estimator,P,60,0.23147034380666384,0.010694144509683312,2.5243763381722637
var,Linear state-space estimator,T1,60,0.6371126102807948,0.3797911834831368,3.293784320056544
var,Linear state-space estimator,T2,60,0.668833697884565,0.3811726219566872,3.277253908679474
var,Linear state-space estimator,T3,60,0.20049174784156612,0.00374699358117514,1.2470559142672537
var,Linear state-space estimator,T4,60,0.08997470153632985,0.004842088856396899,0.7175870734423974
var,Matern GP,C,60,0.5303298777235711,0.12365960748731619,4.2905499150338695
var,Matern GP,P,60,0.23417218594271513,0.05210274795870351,3.06812355009784
var,Matern GP,T1,60,1.0142601062157106,0.13475029352562073,12.349432344941402
var,Matern GP,T2,60,1.0953387091151718,0.181746978537064,12.75295995660128
var,Matern GP,T3,60,0.1646270870854591,0.010030808499170017,1.9964099409401657
var,Matern GP,T4,60,0.14085147438617343,0.014642605713392598,2.264965448424716
var,Neural ODE,C,60,1.1841460477231889,0.3498444973293895,8.288429261888453
var,Neural ODE,P,60,1.1281939311181934,0.16310698588132055,19.306400943066805
var,Neural ODE,T1,60,1.5610034902184744,0.7282630702360503,7.862990971145234
var,Neural ODE,T2,60,1.564175418993307,0.7017527833643995,17.265130286162
var,Neural ODE,T3,60,0.3304407948328759,0.08729367063329427,2.080899955633212
var,Neural ODE,T4,60,0.5037115152500864,0.10661494955353545,4.2376706763412315
var,RBF GP,C,60,0.7864551316149134,0.46665291221173444,3.389345092063018
var,RBF GP,P,60,0.9283094475347599,0.06515284328328619,7.948198470421616
var,RBF GP,T1,60,1.4155392064228356,0.839472574891184,8.457905441720923
var,RBF GP,T2,60,3.0173084029118855,0.7388031536637191,63.13162126072417
var,RBF GP,T3,60,0.3602395174935713,0.013865395576627589,2.302446854096704
var,RBF GP,T4,60,9.100797087419389,0.01045255585586145,154.81435717169293
zero,Average LSE,C,60,0.06726838254968118,0.06318718118510436,0.217551451266925
zero,Average LSE,P,60,0.2023584527816424,0.21600061555569816,0.4361262774108887
zero,Average LSE,T1,60,0.10328560078989653,0.0440872825488757,0.439519788743322
zero,Average LSE,T2,60,0.12168131029232306,0.1074882646917187,0.30305885603476845
zero,Average LSE,T3,60,0.07190369917874061,0.034766072399740194,0.2894391339610767
zero,Average LSE,T4,60,0.07752338014071677,0.0384627436201599,0.25790685712746075
zero,Average LSE + graph control,C,60,0.14433959556262763,0.09702699798207282,0.47247276085679824
zero,Average LSE + graph control,P,60,0.3898693140463097,0.35770624875648327,1.2516972418575296
zero,Average LSE + graph control,T1,60,0.20543962262669563,0.13666417938857922,0.8800063071796327
zero,Average LSE + graph control,T2,60,0.22141790140939716,0.1153295636833475,0.7742181007615064
zero,Average LSE + graph control,T3,60,0.11800429058321042,0.0975295568481271,0.46651829567088576
zero,Average LSE + graph control,T4,60,0.06494425331548749,0.047566370668862365,0.22118680513741928
zero,Average LSE + graph zero,C,60,0.06726838254968118,0.06318718118510436,0.217551451266925
zero,Average LSE + graph zero,P,60,0.2023584527816424,0.21600061555569816,0.4361262774108887
zero,Average LSE + graph zero,T1,60,0.10125758471588477,0.0410286038372238,0.439519788743322
zero,Average LSE + graph zero,T2,60,0.11980016136900985,0.1074882646917187,0.30305885603476845
zero,Average LSE + graph zero,T3,60,0.06956100562120539,0.033645383193722844,0.2894391339610767
zero,Average LSE + graph zero,T4,60,0.06998037839899644,0.02581339496619335,0.25790685712746075
zero,Expanded DML,C,60,20.139792372076577,14.993062514578924,95.14124896076737
zero,Expanded DML,P,60,22.64279701553643,14.788487013502161,142.59778778185137
zero,Expanded DML,T1,60,37.619578990288,29.345475658541545,196.8258435584139
zero,Expanded DML,T2,60,29.60166086107976,22.80004306709452,114.30647686054
zero,Expanded DML,T3,60,13.001627441720533,3.603397012953792,100.02273669280112
zero,Expanded DML,T4,60,10.139617253747595,2.8290608412025904,52.49240926094353
zero,Expanded DML + graph control,C,60,2.852883525569489,2.501720074660923,17.08445038284661
zero,Expanded DML + graph control,P,60,8.586801872361093,4.413963409418743,44.439007430503096
zero,Expanded DML + graph control,T1,60,3.620625904361556,2.3753949768236673,11.133430566811782
zero,Expanded DML + graph control,T2,60,3.8009617646085756,3.1470717415974283,13.648766023765788
zero,Expanded DML + graph control,T3,60,3.3813138895521115,0.5085734110555835,98.81478962628172
zero,Expanded DML + graph control,T4,60,1.2079218458957253,0.5127782464159525,10.20803304880743
zero,Expanded DML + graph zero,C,60,20.139792372076577,14.993062514578924,95.14124896076737
zero,Expanded DML + graph zero,P,60,22.64279701553643,14.788487013502161,142.59778778185137
zero,Expanded DML + graph zero,T1,60,33.682377911316536,26.100092396256514,196.8258435584139
zero,Expanded DML + graph zero,T2,60,28.983019915913633,20.7450910484622,114.30647686054
zero,Expanded DML + graph zero,T3,60,12.366144697814317,3.2348055088805268,100.02273669280112
zero,Expanded DML + graph zero,T4,60,9.807633347086933,2.312566304623033,52.49240926094353
zero,Expanded LSE,C,60,0.16079371273399135,0.1243848957217093,0.6172183321967233
zero,Expanded LSE,P,60,0.4077153346608406,0.41653988009132803,0.8217984427208975
zero,Expanded LSE,T1,60,0.28392570490248475,0.2093951122446553,1.375971012300461
zero,Expanded LSE,T2,60,0.26868951959914256,0.18675136748770116,1.1648766477500012
zero,Expanded LSE,T3,60,0.1103848290814812,0.09606814644902245,0.3819262025026795
zero,Expanded LSE,T4,60,0.12907402208303048,0.09528294297630199,0.37669651642250557
zero,Expanded LSE + graph control,C,60,0.16000009942437338,0.12438489572170996,0.6172183321967244
zero,Expanded LSE + graph control,P,60,0.40694490310862436,0.4290407981510995,0.8217984427208709
zero,Expanded LSE + graph control,T1,60,0.2794530405224493,0.2093951122446589,1.3759710123004663
zero,Expanded LSE + graph control,T2,60,0.26014030115695436,0.18675136748770202,1.1648766477500103
zero,Expanded LSE + graph control,T3,60,0.10273321308295616,0.07182224548229765,0.3819262025026795
zero,Expanded LSE + graph control,T4,60,0.10493572255042155,0.05423253164691625,0.3872806999868246
zero,Expanded LSE + graph zero,C,60,0.16079371273399135,0.1243848957217093,0.6172183321967233
zero,Expanded LSE + graph zero,P,60,0.4077153346608406,0.41653988009132803,0.8217984427208975
zero,Expanded LSE + graph zero,T1,60,0.2818521768808461,0.2093951122446553,1.375971012300461
zero,Expanded LSE + graph zero,T2,60,0.2635570848156455,0.18675136748770116,1.1648766477500012
zero,Expanded LSE + graph zero,T3,60,0.10187765456067513,0.07182224548229074,0.3819262025026795
zero,Expanded LSE + graph zero,T4,60,0.10654113797458958,0.0542325316469149,0.37669651642250557
zero,LSTM sequence model,C,60,0.47997095693915626,0.4695691358685081,1.550889944976713
zero,LSTM sequence model,P,60,1.6113651102910438,1.4164963855743409,3.706646036267281
zero,LSTM sequence model,T1,60,0.7721735990186146,0.4840989903289519,3.4560137372016904
zero,LSTM sequence model,T2,60,0.7971979093772165,0.5438729590045696,3.32936541557312
zero,LSTM sequence model,T3,60,0.5617641353840915,0.2881652508890547,2.6609526462554944
zero,LSTM sequence model,T4,60,0.4755448231588906,0.27672880160319613,2.3844072608947764
zero,Linear residual DML,C,60,0.09799657784156207,0.06588944177156142,0.4526701759747258
zero,Linear residual DML,P,60,0.327978602190467,0.2893330422672671,0.9296304075855044
zero,Linear residual DML,T1,60,0.20625499151688567,0.17139612384293765,0.7858274390192207
zero,Linear residual DML,T2,60,0.15795673551300876,0.11575778760176164,0.5364198003448045
zero,Linear residual DML,T3,60,0.12838630135608903,0.0762653760589421,0.5109490288476355
zero,Linear residual DML,T4,60,0.08590505587797144,0.0776123564838762,0.2985366704504064
zero,Linear residual DML + graph control,C,60,2.160046341378966,2.4045212187326395,7.858852358447622
zero,Linear residual DML + graph control,P,60,1.9436133123175376,0.7968273653991993,12.442212040055246
zero,Linear residual DML + graph control,T1,60,3.207783772159923,1.1305722048280908,12.74500231782271
zero,Linear residual DML + graph control,T2,60,3.1621681206363395,1.2684047922625767,12.904951528350557
zero,Linear residual DML + graph control,T3,60,0.8942902776129723,0.18662872202868513,6.564457106196246
zero,Linear residual DML + graph control,T4,60,0.7719539978902704,0.24158077799425395,8.6888897766855
zero,Linear residual DML + graph zero,C,60,0.09799657784156207,0.06588944177156142,0.4526701759747258
zero,Linear residual DML + graph zero,P,60,0.327978602190467,0.2893330422672671,0.9296304075855044
zero,Linear residual DML + graph zero,T1,60,0.1937179051907397,0.16598636179697374,0.7858274390192207
zero,Linear residual DML + graph zero,T2,60,0.15559263820451488,0.11575778760176164,0.5364198003448045
zero,Linear residual DML + graph zero,T3,60,0.11554812911460145,0.07151795716625955,0.5109490288476355
zero,Linear residual DML + graph zero,T4,60,0.06817960122955936,0.0506037015242281,0.2985366704504064
zero,Linear state-space estimator,C,60,27.799132465516966,11.7001336958424,234.69378969644302
zero,Linear state-space estimator,P,60,19.418327705595303,0.8243820997506717,119.2835091993818
zero,Linear state-space estimator,T1,60,54.23277353058595,21.178554434753295,462.2729234910215
zero,Linear state-space estimator,T2,60,36.16011440694754,16.35271677126594,234.737954339288
zero,Linear state-space estimator,T3,60,15.558187924237727,0.17526109456342392,130.11810905911514
zero,Linear state-space estimator,T4,60,7.941861946021293,0.1022863351406853,63.73743141276311
zero,Matern GP,C,60,0.37579660757560934,0.2725783912171267,1.674566747567213
zero,Matern GP,P,60,0.655118731497992,0.3537154675388532,3.1322337155838174
zero,Matern GP,T1,60,0.3272134913050339,0.21571231356871223,2.2374811238468286
zero,Matern GP,T2,60,0.26176905571413517,0.1999732722303379,0.7367948660712909
zero,Matern GP,T3,60,0.2289269906452128,0.12318621348818515,1.4288159683223753
zero,Matern GP,T4,60,0.1754771654018526,0.1444132597000779,0.9127153855617364
zero,Neural ODE,C,60,78.986439564656,21.789014546880363,1492.1421264882317
zero,Neural ODE,P,60,52.13244136917868,5.334699688253163,1270.0389538296038
zero,Neural ODE,T1,60,69.1007891177287,27.490001212133286,1062.7794416812997
zero,Neural ODE,T2,60,90.14643161537987,19.72103452979285,1275.8130432561238
zero,Neural ODE,T3,60,55.197200159396246,3.3906601504309326,1754.1357506024844
zero,Neural ODE,T4,60,43.741058441632845,3.8313592303741384,1583.7383422398118
zero,RBF GP,C,60,1.1033287080820269,1.1652220626002094,3.6509943972881636
zero,RBF GP,P,60,1.731192334816512,0.49186313217082667,9.672199547042977
zero,RBF GP,T1,60,0.5640809941291441,0.00032210640158749997,4.688857279058367
zero,RBF GP,T2,60,0.2786507773701014,0.000545563076788,2.3460507103868826
zero,RBF GP,T3,60,0.17198022463739956,0.0241869962347381,1.3828509877547361
zero,RBF GP,T4,60,0.15717467486397327,0.03661222325443575,1.3268618854534875
