regime,method,noise,h_profile,t1_t2_mean_absolute_error,t3_t4_mean_absolute_error,t1_t2_over_t3_t4_ratio
var,Average LSE,N1,Hbrn,0.22632080442592303,0.0860013487438757,2.631595989266851
var,Average LSE,N1,Hdec,0.12899883065097606,0.09894827699121131,1.3036996153296725
var,Average LSE,N1,Hprbs,0.1682533426778761,0.06322069884782021,2.6613648021019514
var,Average LSE,N1,Hsin,0.23631133866268944,0.10508506568737142,2.248762344267994
var,Average LSE,N1,Hstep,0.1401757269295732,0.09782293029068861,1.432953669584727
var,Average LSE,N2,Hbrn,0.22648306480390656,0.07722294567842738,2.932846744114499
var,Average LSE,N2,Hdec,0.1382030311056452,0.10815098504685289,1.2778712190718673
var,Average LSE,N2,Hprbs,0.1780734161018686,0.06357551711703036,2.800974717579875
var,Average LSE,N2,Hsin,0.22865425766778252,0.11310289934857379,2.021648065476102
var,Average LSE,N2,Hstep,0.14498877887400238,0.10831630402715808,1.3385683732123046
var,Average LSE,N3,Hbrn,0.2445309755611299,0.06538173936307795,3.7400500192140838
var,Average LSE,N3,Hdec,0.06187377359352314,0.0797156521916571,0.7761809869504992
var,Average LSE,N3,Hprbs,0.17439698266030404,0.0802070181488891,2.1743356963672325
var,Average LSE,N3,Hsin,0.13489199457075535,0.08600810723175759,1.5683637149143994
var,Average LSE,N3,Hstep,0.0671678673189659,0.07898107665330001,0.850429877194634
var,Average LSE + graph zero,N1,Hbrn,0.13391566532931498,0.06433384601139353,2.0815740645382603
var,Average LSE + graph zero,N1,Hdec,0.12899883065097606,0.09894827699121131,1.3036996153296725
var,Average LSE + graph zero,N1,Hprbs,0.1682533426778761,0.06322069884782021,2.6613648021019514
var,Average LSE + graph zero,N1,Hsin,0.09067201109311313,0.08067695910785841,1.1238897957456746
var,Average LSE + graph zero,N1,Hstep,0.1401757269295732,0.09782293029068861,1.432953669584727
var,Average LSE + graph zero,N2,Hbrn,0.1303063676571303,0.056365069494014486,2.311828386390401
var,Average LSE + graph zero,N2,Hdec,0.1382030311056452,0.10815098504685289,1.2778712190718673
var,Average LSE + graph zero,N2,Hprbs,0.1780734161018686,0.06357551711703036,2.800974717579875
var,Average LSE + graph zero,N2,Hsin,0.22865425766778252,0.11310289934857379,2.021648065476102
var,Average LSE + graph zero,N2,Hstep,0.14498877887400238,0.10831630402715808,1.3385683732123046
var,Average LSE + graph zero,N3,Hbrn,0.2445309755611299,0.06538173936307795,3.7400500192140838
var,Average LSE + graph zero,N3,Hdec,0.03492231273931279,0.07035743758387794,0.4963556652795875
var,Average LSE + graph zero,N3,Hprbs,0.1481471166033321,0.07769152615511316,1.9068632569728714
var,Average LSE + graph zero,N3,Hsin,0.13489199457075535,0.0715693433745284,1.8847733989238127
var,Average LSE + graph zero,N3,Hstep,0.04237491350069647,0.055147472448523784,0.7683926682270057
var,Average LSE + graph control,N1,Hbrn,0.04758359387985031,0.06127572899914803,0.7765488009210287
var,Average LSE + graph control,N1,Hdec,0.09384133703312782,0.07090621668292052,1.323457115936236
var,Average LSE + graph control,N1,Hprbs,0.10192775223637356,0.08182922292371679,1.2456155465559426
var,Average LSE + graph control,N1,Hsin,0.10420831868179822,0.06857714670347481,1.5195779307119812
var,Average LSE + graph control,N1,Hstep,0.09223303886722471,0.07233925671189154,1.2750067260791045
var,Average LSE + graph control,N2,Hbrn,0.045590655362102855,0.058606431073270855,0.7779121595905502
var,Average LSE + graph control,N2,Hdec,0.09690035465182523,0.07719487993613935,1.2552691931380362
var,Average LSE + graph control,N2,Hprbs,0.10537866674886573,0.08874381001538914,1.1874480792586202
var,Average LSE + graph control,N2,Hsin,0.15340594286153433,0.07837766432750448,1.9572660677986131
var,Average LSE + graph control,N2,Hstep,0.09462578656383791,0.08029666027644321,1.1784523321152183
var,Average LSE + graph control,N3,Hbrn,0.14942191165500465,0.06743370191311154,2.215834329361527
var,Average LSE + graph control,N3,Hdec,0.04046863215209151,0.06525185644489448,0.6201912766461667
var,Average LSE + graph control,N3,Hprbs,0.13891278923342693,0.06637839531352278,2.0927409976891567
var,Average LSE + graph control,N3,Hsin,0.14763397292911004,0.06714649286104366,2.198684795565291
var,Average LSE + graph control,N3,Hstep,0.05232887226272659,0.050074840549780356,1.0450132579195226
var,Expanded LSE,N1,Hbrn,0.37633020903833186,0.19962530609888102,1.8851828778257356
var,Expanded LSE,N1,Hdec,0.34560141709959896,0.20072419701580443,1.7217725727027684
var,Expanded LSE,N1,Hprbs,0.20320646851117577,0.1900963462861382,1.0689656717825806
var,Expanded LSE,N1,Hsin,1.1218934306232469,0.23866121802202517,4.700778115193024
var,Expanded LSE,N1,Hstep,0.37973187667795344,0.24456764766064978,1.5526660223058244
var,Expanded LSE,N2,Hbrn,0.37336728845918765,0.19850987582292387,1.880849942157242
var,Expanded LSE,N2,Hdec,0.3508622498955321,0.19576636204646095,1.7922499362391098
var,Expanded LSE,N2,Hprbs,0.20671060372242556,0.1973562335986861,1.047398402133885
var,Expanded LSE,N2,Hsin,1.1209463150652612,0.24281600441053672,4.6164432932931465
var,Expanded LSE,N2,Hstep,0.380750822538775,0.2575589814861432,1.4783053588028714
var,Expanded LSE,N3,Hbrn,0.4005219423763782,0.09679306830183855,4.1379196816800405
var,Expanded LSE,N3,Hdec,0.18694113565514142,0.11014595214889597,1.697212943444651
var,Expanded LSE,N3,Hprbs,0.24452862790925536,0.14179656694245202,1.7245031609862391
var,Expanded LSE,N3,Hsin,1.2576590714174416,0.11752974213794133,10.700772830262512
var,Expanded LSE,N3,Hstep,0.22000831332944315,0.08292109469984633,2.65322490164678
var,Expanded LSE + graph zero,N1,Hbrn,0.20244068522917238,0.1025265515291697,1.9745195972145444
var,Expanded LSE + graph zero,N1,Hdec,0.34560141709959896,0.20072419701580443,1.7217725727027684
var,Expanded LSE + graph zero,N1,Hprbs,0.20320646851117577,0.1900963462861382,1.0689656717825806
var,Expanded LSE + graph zero,N1,Hsin,0.7168218389728496,0.19252349963740634,3.723295287707178
var,Expanded LSE + graph zero,N1,Hstep,0.37973187667795344,0.24456764766064978,1.5526660223058244
var,Expanded LSE + graph zero,N2,Hbrn,0.20637073482029725,0.10221714486194844,2.018944425605075
var,Expanded LSE + graph zero,N2,Hdec,0.3508622498955321,0.19576636204646095,1.7922499362391098
var,Expanded LSE + graph zero,N2,Hprbs,0.20671060372242556,0.1973562335986861,1.047398402133885
var,Expanded LSE + graph zero,N2,Hsin,1.1209463150652612,0.24281600441053672,4.6164432932931465
var,Expanded LSE + graph zero,N2,Hstep,0.380750822538775,0.2575589814861432,1.4783053588028714
var,Expanded LSE + graph zero,N3,Hbrn,0.4005219423763782,0.09679306830183855,4.1379196816800405
var,Expanded LSE + graph zero,N3,Hdec,0.026311305178163602,0.10084715412465428,0.2609028029253156
var,Expanded LSE + graph zero,N3,Hprbs,0.21995251405440708,0.13104332060384954,1.6784717682737484
var,Expanded LSE + graph zero,N3,Hsin,1.2576590714174416,0.09570132240804943,13.141501494149258
var,Expanded LSE + graph zero,N3,Hstep,0.15064215534436254,0.05952802964547536,2.5306087945716618
var,Expanded LSE + graph control,N1,Hbrn,0.3344617111967204,0.1126201519898133,2.969821166881155
var,Expanded LSE + graph control,N1,Hdec,0.3456014170995986,0.20072419701580618,1.7217725727027515
var,Expanded LSE + graph control,N1,Hprbs,0.20320646851117566,0.19009634628613814,1.0689656717825802
var,Expanded LSE + graph control,N1,Hsin,0.6237337109275367,0.16494899441958433,3.781373224628043
var,Expanded LSE + graph control,N1,Hstep,0.37973187667795233,0.2445676476606506,1.5526660223058146
var,Expanded LSE + graph control,N2,Hbrn,0.3372597591449118,0.10516914853790432,3.20683169763763
var,Expanded LSE + graph control,N2,Hdec,0.3508622498955318,0.1957663620464621,1.7922499362390973
var,Expanded LSE + graph control,N2,Hprbs,0.20671060372242764,0.19735623359868706,1.0473984021338905
var,Expanded LSE + graph control,N2,Hsin,1.1209463150652628,0.24281600441053783,4.616443293293131
var,Expanded LSE + graph control,N2,Hstep,0.38075082253877324,0.25755898148614215,1.4783053588028705
var,Expanded LSE + graph control,N3,Hbrn,0.40052194237637756,0.0967930683018387,4.137919681680027
var,Expanded LSE + graph control,N3,Hdec,0.03849641922185221,0.09712006010332683,0.39637968902506393
var,Expanded LSE + graph control,N3,Hprbs,0.17503095440695973,0.1137502833847959,1.5387298316863336
var,Expanded LSE + graph control,N3,Hsin,1.2456245815264044,0.07485206556462518,16.641151745518194
var,Expanded LSE + graph control,N3,Hstep,0.12784850055602087,0.056407159349964014,2.266529675121859
var,Linear state-space estimator,N1,Hbrn,0.01222919941069589,0.0022034673493807715,5.5499798597572125
var,Linear state-space estimator,N1,Hdec,0.9240014663632088,0.004962540263960135,186.19525831833766
var,Linear state-space estimator,N1,Hprbs,0.6661392909155849,0.0032039371270535634,207.9127225346605
var,Linear state-space estimator,N1,Hsin,0.09669413495172903,0.004396996590943337,21.990950630003592
var,Linear state-space estimator,N1,Hstep,0.6235498398884863,0.004799546788567256,129.91848342302052
var,Linear state-space estimator,N2,Hbrn,0.012564227351820036,0.0021634540805702033,5.807485106644181
var,Linear state-space estimator,N2,Hdec,0.9229543229014857,0.004878331097652566,189.19468654876823
var,Linear state-space estimator,N2,Hprbs,0.6634415779553,0.0033543189643965815,197.78726620729955
var,Linear state-space estimator,N2,Hsin,0.09642285950652925,0.004411807596111611,21.855635679015663
var,Linear state-space estimator,N2,Hstep,0.6243003810416695,0.004870886300477838,128.16977086499125
var,Linear state-space estimator,N3,Hbrn,0.7584779080271227,0.277052738849371,2.7376661612412163
var,Linear state-space estimator,N3,Hdec,1.294625835352407,0.48077421876229093,2.6927937997284928
var,Linear state-space estimator,N3,Hprbs,1.2876023382900923,0.4525415383290621,2.8452688410534863
var,Linear state-space estimator,N3,Hsin,0.8929119849660125,0.4737473884939279,1.884785028165822
var,Linear state-space estimator,N3,Hstep,0.918681944318055,0.45513719974045336,2.01847255034733
var,Neural ODE,N1,Hbrn,0.04351978567537272,0.059232976507457465,0.7347222483390407
var,Neural ODE,N1,Hdec,0.3899152127570173,0.052240630523870936,7.463830525147446
var,Neural ODE,N1,Hprbs,1.611518099692366,0.06707875886976777,24.024268290668584
var,Neural ODE,N1,Hsin,0.5404014141036683,0.07830910781438163,6.900875634857155
var,Neural ODE,N1,Hstep,0.49318286585476323,0.09992421418345412,4.935569119906339
var,Neural ODE,N2,Hbrn,0.06946582354041522,0.07509787290332307,0.9250038763393706
var,Neural ODE,N2,Hdec,0.43783392593628023,0.029272459958662914,14.95719616849992
var,Neural ODE,N2,Hprbs,1.4770469033870393,0.11752560523562204,12.567873191767626
var,Neural ODE,N2,Hsin,1.8114543453142289,0.27175224824242245,6.665830207587766
var,Neural ODE,N2,Hstep,0.5328438925044137,0.0898183531722739,5.932461169516273
var,Neural ODE,N3,Hbrn,2.8094905243337815,1.2875610850721706,2.182025037030615
var,Neural ODE,N3,Hdec,2.041384982686223,1.2879051887478212,1.5850429057367026
var,Neural ODE,N3,Hprbs,4.953687184423239,1.220105731037548,4.060047468354029
var,Neural ODE,N3,Hsin,2.0428452149684526,0.49558378725525903,4.12209855831351
var,Neural ODE,N3,Hstep,4.184251643911097,1.0247343060981815,4.083255160884793
var,LSTM sequence model,N1,Hbrn,0.31851199624088633,0.11683503753413389,2.726168476197319
var,LSTM sequence model,N1,Hdec,0.4025364958765495,0.12982382835927742,3.100636462226032
var,LSTM sequence model,N1,Hprbs,0.621517292502689,0.0829620079158657,7.491589320415058
var,LSTM sequence model,N1,Hsin,0.21473147381532165,0.10517930780260565,2.0415752708538175
var,LSTM sequence model,N1,Hstep,0.28538786009488487,0.12509420427582896,2.2813835520757877
var,LSTM sequence model,N2,Hbrn,0.3057402711362992,0.13152153956692267,2.3246402995512994
var,LSTM sequence model,N2,Hdec,0.42346868819042,0.10399309770438014,4.07208456655661
var,LSTM sequence model,N2,Hprbs,0.6034974926404538,0.08487076258944025,7.1107820199502
var,LSTM sequence model,N2,Hsin,0.2810463936185985,0.11301990076739993,2.48669828685308
var,LSTM sequence model,N2,Hstep,0.5028554442335188,0.11470075400657313,4.384063980997908
var,LSTM sequence model,N3,Hbrn,0.6023257680542593,0.7012081631391158,0.8589828238134204
var,LSTM sequence model,N3,Hdec,0.4075151224157621,0.3906360762879957,1.0432091328792745
var,LSTM sequence model,N3,Hprbs,0.5551765158286152,0.4603515424479409,1.205983828959143
var,LSTM sequence model,N3,Hsin,0.5533057903773152,0.5625676350887298,0.9835364778673168
var,LSTM sequence model,N3,Hstep,0.45577850579416923,0.44135889845594634,1.0326709337653972
var,Linear residual DML,N1,Hbrn,0.035338944869444014,0.006564234476263317,5.3835591944851835
var,Linear residual DML,N1,Hdec,0.8846881915885104,0.008408761244756105,105.21028791728652
var,Linear residual DML,N1,Hprbs,0.6675629046798054,0.010703592515277506,62.368116473695736
var,Linear residual DML,N1,Hsin,0.01471302341560731,0.008539077220351212,1.723022644711739
var,Linear residual DML,N1,Hstep,0.8612036462126287,0.00829849481153133,103.77829543448372
var,Linear residual DML,N2,Hbrn,0.036097951649057644,0.006308900944893232,5.721749630302452
var,Linear residual DML,N2,Hdec,0.884702901492963,0.007127996324325691,124.11663267470274
var,Linear residual DML,N2,Hprbs,0.6670649556562727,0.01118555751044811,59.63627249094972
var,Linear residual DML,N2,Hsin,0.014698268219565075,0.007232833936234936,2.0321589503016133
var,Linear residual DML,N2,Hstep,0.8606533767910732,0.007060875709272226,121.89045838335284
var,Linear residual DML,N3,Hbrn,0.8522066702846673,0.27914657046401026,3.0529003772752437
var,Linear residual DML,N3,Hdec,1.1721203795925212,0.3633018880418217,3.2262986187883285
var,Linear residual DML,N3,Hprbs,1.28234108471123,0.3748593034314764,3.420859701153555
var,Linear residual DML,N3,Hsin,0.7315710666530374,0.3634557986037212,2.012819906749308
var,Linear residual DML,N3,Hstep,0.9540552224336695,0.3633863862135737,2.6254567001663647
var,Linear residual DML + graph zero,N1,Hbrn,0.022049271151641948,0.005002716900453018,4.4074593046920745
var,Linear residual DML + graph zero,N1,Hdec,0.8846881915885104,0.008408761244756105,105.21028791728652
var,Linear residual DML + graph zero,N1,Hprbs,0.6675629046798054,0.010703592515277506,62.368116473695736
var,Linear residual DML + graph zero,N1,Hsin,0.011358601363810696,0.005509156596676936,2.0617677432988715
var,Linear residual DML + graph zero,N1,Hstep,0.8612036462126287,0.00829849481153133,103.77829543448372
var,Linear residual DML + graph zero,N2,Hbrn,0.022648181923029267,0.005086065106541382,4.4529870240749725
var,Linear residual DML + graph zero,N2,Hdec,0.884702901492963,0.007127996324325691,124.11663267470274
var,Linear residual DML + graph zero,N2,Hprbs,0.6670649556562727,0.01118555751044811,59.63627249094972
var,Linear residual DML + graph zero,N2,Hsin,0.014698268219565075,0.007232833936234936,2.0321589503016133
var,Linear residual DML + graph zero,N2,Hstep,0.8606533767910732,0.007060875709272226,121.89045838335284
var,Linear residual DML + graph zero,N3,Hbrn,0.8522066702846673,0.27914657046401026,3.0529003772752437
var,Linear residual DML + graph zero,N3,Hdec,0.29676563370246933,0.2957663442085843,1.0033786450468494
var,Linear residual DML + graph zero,N3,Hprbs,1.0204875366613686,0.3202898694082892,3.1861374152939668
var,Linear residual DML + graph zero,N3,Hsin,0.7315710666530374,0.11355027447209365,6.442706281901853
var,Linear residual DML + graph zero,N3,Hstep,0.8519391454461377,0.1014350397534542,8.398864411320215
var,Linear residual DML + graph control,N1,Hbrn,2.275416847315901,0.046347696803388794,49.09449669027631
var,Linear residual DML + graph control,N1,Hdec,3.075416163887281,0.3229924372943014,9.521635211183135
var,Linear residual DML + graph control,N1,Hprbs,2.925348198600301,0.2859433908373904,10.230515173067529
var,Linear residual DML + graph control,N1,Hsin,2.542339357230577,0.16688691973341435,15.233904258594485
var,Linear residual DML + graph control,N1,Hstep,2.7994767940352143,0.28503754619517524,9.821431707520784
var,Linear residual DML + graph control,N2,Hbrn,2.269475470558315,0.03676111136735321,61.73576875517941
var,Linear residual DML + graph control,N2,Hdec,3.0588322210824446,0.33642730622758044,9.092104488727973
var,Linear residual DML + graph control,N2,Hprbs,2.8956960511709213,0.3228132891494019,8.970188491313188
var,Linear residual DML + graph control,N2,Hsin,2.911021356726407,0.3095127620577241,9.405173917137226
var,Linear residual DML + graph control,N2,Hstep,2.8049354086145946,0.29748930591059186,9.428693243371903
var,Linear residual DML + graph control,N3,Hbrn,2.2509997240520465,1.6754756559523516,1.3434989139084585
var,Linear residual DML + graph control,N3,Hdec,0.40554503132350384,0.768726462070287,0.5275544050237516
var,Linear residual DML + graph control,N3,Hprbs,1.6247740205583792,0.5718649514958282,2.8411848222354856
var,Linear residual DML + graph control,N3,Hsin,2.33530028318374,0.19537262832323232,11.95305761726318
var,Linear residual DML + graph control,N3,Hstep,1.8742356620488163,0.18440641859265944,10.163614023592467
var,Expanded DML,N1,Hbrn,0.16179127882764835,0.04619141028947391,3.502626956261548
var,Expanded DML,N1,Hdec,0.546041837944066,0.03390726081688299,16.103979642973183
var,Expanded DML,N1,Hprbs,0.5724705453505567,0.05630794069182924,10.166781777434583
var,Expanded DML,N1,Hsin,0.1719440688272513,0.0369934592251848,4.64795865076044
var,Expanded DML,N1,Hstep,0.6994859861528097,0.036501871768242024,19.163016915789736
var,Expanded DML,N2,Hbrn,0.15685011188734266,0.048759141879231124,3.2168349532449976
var,Expanded DML,N2,Hdec,0.5478737939036872,0.0337317943804859,16.242058982211642
var,Expanded DML,N2,Hprbs,0.5744631730924956,0.05243705305720117,10.955290955535585
var,Expanded DML,N2,Hsin,0.16883491851354984,0.038437975311306334,4.392398848955187
var,Expanded DML,N2,Hstep,0.695031634731481,0.03545652951404195,19.602359403399188
var,Expanded DML,N3,Hbrn,0.4967230413764348,0.31455372119707625,1.5791357974914073
var,Expanded DML,N3,Hdec,0.8009126854394373,0.34394715508157636,2.328592266592463
var,Expanded DML,N3,Hprbs,0.9353100204742062,0.35465582498451514,2.6372329300246045
var,Expanded DML,N3,Hsin,0.48866929019375227,0.34371551289020696,1.4217260259354307
var,Expanded DML,N3,Hstep,0.5849917127887492,0.34111354969408647,1.714947158544053
var,Expanded DML + graph zero,N1,Hbrn,0.11180886737665387,0.037478782449828094,2.9832577279245824
var,Expanded DML + graph zero,N1,Hdec,0.546041837944066,0.03390726081688299,16.103979642973183
var,Expanded DML + graph zero,N1,Hprbs,0.5724705453505567,0.05630794069182924,10.166781777434583
var,Expanded DML + graph zero,N1,Hsin,0.11182083026238454,0.02175682658003859,5.1395744618830435
var,Expanded DML + graph zero,N1,Hstep,0.6994859861528097,0.036501871768242024,19.163016915789736
var,Expanded DML + graph zero,N2,Hbrn,0.10564254591569325,0.04102248482212076,2.5752351758742584
var,Expanded DML + graph zero,N2,Hdec,0.5478737939036872,0.0337317943804859,16.242058982211642
var,Expanded DML + graph zero,N2,Hprbs,0.5744631730924956,0.05243705305720117,10.955290955535585
var,Expanded DML + graph zero,N2,Hsin,0.16883491851354984,0.038437975311306334,4.392398848955187
var,Expanded DML + graph zero,N2,Hstep,0.695031634731481,0.03545652951404195,19.602359403399188
var,Expanded DML + graph zero,N3,Hbrn,0.4967230413764348,0.31455372119707625,1.5791357974914073
var,Expanded DML + graph zero,N3,Hdec,0.11369992726147848,0.2976493081504941,0.38199291632148125
var,Expanded DML + graph zero,N3,Hprbs,0.7974914755160138,0.29332066526790057,2.7188383566075562
var,Expanded DML + graph zero,N3,Hsin,0.48866929019375227,0.1329759574150315,3.6748695004207845
var,Expanded DML + graph zero,N3,Hstep,0.5477873722638932,0.08312695913835123,6.58976796387067
var,Expanded DML + graph control,N1,Hbrn,1.7775360447968613,0.019969226669978704,89.01376473777874
var,Expanded DML + graph control,N1,Hdec,1.1893347794064764,0.3390703665746618,3.507634097964117
var,Expanded DML + graph control,N1,Hprbs,2.1165970737083817,0.2769262386865029,7.643179944766795
var,Expanded DML + graph control,N1,Hsin,2.438878521719785,0.1351584199746812,18.04459183657705
var,Expanded DML + graph control,N1,Hstep,1.5987110275908636,0.5389582485876788,2.9662984689078047
var,Expanded DML + graph control,N2,Hbrn,1.8263522621627755,0.08530842562651246,21.40881453091985
var,Expanded DML + graph control,N2,Hdec,1.250186263355178,0.2528038692514835,4.945281363994952
var,Expanded DML + graph control,N2,Hprbs,2.3679748715831246,0.30620080879528033,7.733405019077871
var,Expanded DML + graph control,N2,Hsin,4.0675060981955475,0.21074521626548343,19.300585656338516
var,Expanded DML + graph control,N2,Hstep,1.5617333180684172,0.44570733657834816,3.503943484658996
var,Expanded DML + graph control,N3,Hbrn,1.7268840474737852,0.6596088251854161,2.6180426664066507
var,Expanded DML + graph control,N3,Hdec,0.4957501658030967,0.5754328679314527,0.8615256330164165
var,Expanded DML + graph control,N3,Hprbs,1.01021282661444,0.4601288495192885,2.1954998641572723
var,Expanded DML + graph control,N3,Hsin,2.679116429529852,0.15753466373092806,17.006520127569065
var,Expanded DML + graph control,N3,Hstep,0.516871922192817,0.20934403919221373,2.46900711473442
var,RBF GP,N1,Hbrn,0.029877427823667056,0.011394766894950618,2.622030630298079
var,RBF GP,N1,Hdec,1.2894556245838658,0.006264415546192699,205.83813686618433
var,RBF GP,N1,Hprbs,2.68852855089344,0.014126330287198226,190.32038018606139
var,RBF GP,N1,Hsin,0.024079571633155314,0.008753529056916214,2.7508415721919497
var,RBF GP,N1,Hstep,6.247364207262526,0.005940747081700315,1051.6125533279653
var,RBF GP,N2,Hbrn,0.03037339453037937,0.011983060623747448,2.53469422245823
var,RBF GP,N2,Hdec,1.279711719677154,0.0074795518650549574,171.09470497237484
var,RBF GP,N2,Hprbs,2.7122038782538977,0.014308940669674192,189.54609854536866
var,RBF GP,N2,Hsin,0.024532370501236356,0.007551686740456951,3.2485948297892326
var,RBF GP,N2,Hstep,2.2112045898391113,0.007328249635766286,301.7370722535292
var,RBF GP,N3,Hbrn,1.6591895265435344,0.7449328539656503,2.2273007798096676
var,RBF GP,N3,Hdec,2.2808987603474,15.243133153703008,0.1496345100018563
var,RBF GP,N3,Hprbs,9.275055187751255,18.915334562789116,0.4903458174087735
var,RBF GP,N3,Hsin,1.7245533458824247,15.939229050191916,0.10819553069046714
var,RBF GP,N3,Hstep,1.769328914487361,20.02001363779587,0.08837800745285394
var,Matern GP,N1,Hbrn,0.05796120808746064,0.007618595527897349,7.607859988789472
var,Matern GP,N1,Hdec,1.2849047719604818,0.00900094369006267,142.75222867787272
var,Matern GP,N1,Hprbs,0.3891985755845051,0.010196203959345073,38.170928821779306
var,Matern GP,N1,Hsin,0.007437647055193218,0.00931401985259923,0.7985431825247421
var,Matern GP,N1,Hstep,3.2626423302945526,0.008769208389710105,372.05665383924236
var,Matern GP,N2,Hbrn,0.055010653689091416,0.00805986251087035,6.8252595642789755
var,Matern GP,N2,Hdec,1.282562524113634,0.006981157069636345,183.71775786165543
var,Matern GP,N2,Hprbs,0.39025672028839486,0.011092780948763358,35.18114367271458
var,Matern GP,N2,Hsin,0.00705490650794203,0.006959531698635178,1.013704199281908
var,Matern GP,N2,Hstep,3.3162598776660817,0.006679999686301705,496.4461127844881
var,Matern GP,N3,Hbrn,1.30936227919982,0.6193884538839236,2.1139597791811613
var,Matern GP,N3,Hdec,0.7730676442124619,0.4151720066351299,1.862041832921229
var,Matern GP,N3,Hprbs,1.6870980505813524,0.34309304519223094,4.9173192934764725
var,Matern GP,N3,Hsin,1.5738009173889869,0.4152799789612859,3.7897346299367425
var,Matern GP,N3,Hstep,0.4253730083516601,0.4134834230308523,1.028754684368376
zero,Average LSE,N1,Hbrn,0.16083612862900656,0.08530929326989523,1.8853295164474653
zero,Average LSE,N1,Hdec,0.10438115075499443,0.07040772791894723,1.4825240614944586
zero,Average LSE,N1,Hprbs,0.09943125513328951,0.09685470255276489,1.0266022455556143
zero,Average LSE,N1,Hsin,0.12881248390850059,0.06699770543223157,1.9226402318926412
zero,Average LSE,N1,Hstep,0.08999214500914296,0.07050636700978719,1.2763690546791455
zero,Average LSE,N2,Hbrn,0.1600497894353634,0.08694161079732184,1.8408882463481298
zero,Average LSE,N2,Hdec,0.09840316161918287,0.0731677250361102,1.344898472251506
zero,Average LSE,N2,Hprbs,0.09646230246384131,0.09856967181207237,0.9786205096406443
zero,Average LSE,N2,Hsin,0.12698986593033498,0.06829827944461848,1.8593420941637069
zero,Average LSE,N2,Hstep,0.09097541505434353,0.07205847554714176,1.2625220609174006
zero,Average LSE,N3,Hbrn,0.1785874406774933,0.05831879471984369,3.062262200983497
zero,Average LSE,N3,Hdec,0.07971779237108875,0.07312907994686324,1.0900970233594212
zero,Average LSE,N3,Hprbs,0.08716567615933417,0.0571852465421228,1.52426860825244
zero,Average LSE,N3,Hsin,0.11207313917264944,0.06955038587394825,1.6113949299399803
zero,Average LSE,N3,Hstep,0.0733740867980815,0.07340802899226172,0.9995376228643355
zero,Average LSE + graph zero,N1,Hbrn,0.16083612862900656,0.06875176234416455,2.3393746304840413
zero,Average LSE + graph zero,N1,Hdec,0.10438115075499443,0.04978945848936367,2.096450813524975
zero,Average LSE + graph zero,N1,Hprbs,0.09943125513328951,0.09244977745130575,1.0755164357822384
zero,Average LSE + graph zero,N1,Hsin,0.12881248390850059,0.055375453498734795,2.326165760636952
zero,Average LSE + graph zero,N1,Hstep,0.08999214500914296,0.06368891586205026,1.4129953978815608
zero,Average LSE + graph zero,N2,Hbrn,0.1600497894353634,0.08694161079732184,1.8408882463481298
zero,Average LSE + graph zero,N2,Hdec,0.09840316161918287,0.06754814326663963,1.4567855881803604
zero,Average LSE + graph zero,N2,Hprbs,0.09646230246384131,0.09856967181207237,0.9786205096406443
zero,Average LSE + graph zero,N2,Hsin,0.12698986593033498,0.06829827944461848,1.8593420941637069
zero,Average LSE + graph zero,N2,Hstep,0.09097541505434353,0.07205847554714176,1.2625220609174006
zero,Average LSE + graph zero,N3,Hbrn,0.1785874406774933,0.05831879471984369,3.062262200983497
zero,Average LSE + graph zero,N3,Hdec,0.07971779237108875,0.06462637550992424,1.2335179211597131
zero,Average LSE + graph zero,N3,Hprbs,0.057846938679397095,0.0571852465421228,1.0115710288454713
zero,Average LSE + graph zero,N3,Hsin,0.11207313917264944,0.06955038587394825,1.6113949299399803
zero,Average LSE + graph zero,N3,Hstep,0.0733740867980815,0.07340802899226172,0.9995376228643355
zero,Average LSE + graph control,N1,Hbrn,0.18373435415603814,0.1267254366739265,1.449861677169041
zero,Average LSE + graph control,N1,Hdec,0.09639652018581991,0.03242629035464484,2.972789028024348
zero,Average LSE + graph control,N1,Hprbs,0.2256486774583639,0.07702119951417405,2.9296957056198307
zero,Average LSE + graph control,N1,Hsin,0.4386083104481038,0.07024821058393531,6.243693708383325
zero,Average LSE + graph control,N1,Hstep,0.10165281033929065,0.10688393039753466,0.9510579369715555
zero,Average LSE + graph control,N2,Hbrn,0.16364608172503373,0.14621687315291576,1.119201075746506
zero,Average LSE + graph control,N2,Hdec,0.08285365505765449,0.1182750749806401,0.7005166140982487
zero,Average LSE + graph control,N2,Hprbs,0.22576063562012913,0.06758722061700526,3.340285834498818
zero,Average LSE + graph control,N2,Hsin,0.4659141537974247,0.1398496955690627,3.33153498762777
zero,Average LSE + graph control,N2,Hstep,0.09799679548342471,0.1421251685415513,0.6895104961988112
zero,Average LSE + graph control,N3,Hbrn,0.41303249721431035,0.04432349115253571,9.318591258817866
zero,Average LSE + graph control,N3,Hdec,0.08687719876931871,0.05919167561332461,1.4677266333335868
zero,Average LSE + graph control,N3,Hprbs,0.10974823271979009,0.09744932091331067,1.126208286432497
zero,Average LSE + graph control,N3,Hsin,0.4266647468871194,0.06933936457624428,6.153283196271099
zero,Average LSE + graph control,N3,Hstep,0.0828967604088743,0.07445112659942853,1.1134386300812618
zero,Expanded LSE,N1,Hbrn,0.593131300358766,0.16397086475228062,3.617296897560677
zero,Expanded LSE,N1,Hdec,0.14970633109555065,0.11811316569162614,1.267482166098308
zero,Expanded LSE,N1,Hprbs,0.229189325081286,0.12878748515164745,1.7795931399034248
zero,Expanded LSE,N1,Hsin,0.37344505069145695,0.12190256165865554,3.0634717237292852
zero,Expanded LSE,N1,Hstep,0.14314136714168169,0.11953351614115747,1.1974998457557764
zero,Expanded LSE,N2,Hbrn,0.5729131796516316,0.17486142378841255,3.2763840488046885
zero,Expanded LSE,N2,Hdec,0.1281642357199107,0.12411012416228141,1.032665437932592
zero,Expanded LSE,N2,Hprbs,0.24874652277939907,0.13986317620305377,1.778499026922341
zero,Expanded LSE,N2,Hsin,0.38283563902956436,0.11625700695527671,3.2930113122285922
zero,Expanded LSE,N2,Hstep,0.13492242286344844,0.12179946265363782,1.107742348971838
zero,Expanded LSE,N3,Hbrn,0.4148187783193642,0.07030429322618015,5.9003335256472305
zero,Expanded LSE,N3,Hdec,0.09853823856491005,0.11718698124203927,0.8408633580328184
zero,Expanded LSE,N3,Hprbs,0.22002414416590438,0.07835117499656725,2.8081792541789468
zero,Expanded LSE,N3,Hsin,0.37722176592522744,0.10778924927573294,3.4996232783871237
zero,Expanded LSE,N3,Hstep,0.07781588237410433,0.09311089783528835,0.8357333479026199
zero,Expanded LSE + graph zero,N1,Hbrn,0.593131300358766,0.13455385818347532,4.408132983819628
zero,Expanded LSE + graph zero,N1,Hdec,0.14970633109555065,0.029705335064828642,5.039711916018889
zero,Expanded LSE + graph zero,N1,Hprbs,0.229189325081286,0.12834890416473727,1.7856741868798423
zero,Expanded LSE + graph zero,N1,Hsin,0.37344505069145695,0.06165743254499081,6.056772643248774
zero,Expanded LSE + graph zero,N1,Hstep,0.14314136714168169,0.10298922637495399,1.3898673888523578
zero,Expanded LSE + graph zero,N2,Hbrn,0.5729131796516316,0.17486142378841255,3.2763840488046885
zero,Expanded LSE + graph zero,N2,Hdec,0.1281642357199107,0.1157534543393847,1.1072173737825401
zero,Expanded LSE + graph zero,N2,Hprbs,0.24874652277939907,0.13986317620305377,1.778499026922341
zero,Expanded LSE + graph zero,N2,Hsin,0.38283563902956436,0.11625700695527671,3.2930113122285922
zero,Expanded LSE + graph zero,N2,Hstep,0.13492242286344844,0.12179946265363782,1.107742348971838
zero,Expanded LSE + graph zero,N3,Hbrn,0.4148187783193642,0.07030429322618015,5.9003335256472305
zero,Expanded LSE + graph zero,N3,Hdec,0.09853823856491005,0.0877960484079651,1.1223539140056604
zero,Expanded LSE + graph zero,N3,Hprbs,0.16597942312738667,0.07835117499656725,2.1184037525239234
zero,Expanded LSE + graph zero,N3,Hsin,0.37722176592522744,0.10778924927573294,3.4996232783871237
zero,Expanded LSE + graph zero,N3,Hstep,0.07781588237410433,0.09311089783528835,0.8357333479026199
zero,Expanded LSE + graph control,N1,Hbrn,0.5931313003587496,0.13629780624388776,4.351730352118917
zero,Expanded LSE + graph control,N1,Hdec,0.1497063310955504,0.028805057676317913,5.197223792356143
zero,Expanded LSE + graph control,N1,Hprbs,0.22918932508128675,0.14929048250984292,1.5351904637737104
zero,Expanded LSE + graph control,N1,Hsin,0.37344505069145795,0.06159853867748943,6.0625634748690835
zero,Expanded LSE + graph control,N1,Hstep,0.143141367141682,0.10041969609793414,1.4254311923239005
zero,Expanded LSE + graph control,N2,Hbrn,0.5729131796516042,0.1748614237884091,3.276384048804596
zero,Expanded LSE + graph control,N2,Hdec,0.1281642357199103,0.1073600759122226,1.1937792948721195
zero,Expanded LSE + graph control,N2,Hprbs,0.2487465227793984,0.13986317620305383,1.7784990269223355
zero,Expanded LSE + graph control,N2,Hsin,0.3828356390295549,0.11625700695527752,3.2930113122284883
zero,Expanded LSE + graph control,N2,Hstep,0.13492242286344683,0.12179946265363845,1.1077423489718192
zero,Expanded LSE + graph control,N3,Hbrn,0.4148187783193526,0.07030429322617912,5.900333525647151
zero,Expanded LSE + graph control,N3,Hdec,0.09698330165620596,0.07140867519849015,1.3581445305717779
zero,Expanded LSE + graph control,N3,Hprbs,0.1239149599079992,0.07835117499656802,1.5815328859257949
zero,Expanded LSE + graph control,N3,Hsin,0.37722176592522405,0.10778924927573338,3.499623278387078
zero,Expanded LSE + graph control,N3,Hstep,0.07781588237410418,0.09311089783528861,0.8357333479026159
zero,Linear state-space estimator,N1,Hbrn,0.4281151298489426,0.06331345242589057,6.761835177919865
zero,Linear state-space estimator,N1,Hdec,69.94974894733255,0.09289903219509665,752.9653140027502
zero,Linear state-space estimator,N1,Hprbs,22.18437023036967,0.07478467324823479,296.6432728365676
zero,Linear state-space estimator,N1,Hsin,6.836473292224594,0.05975496133946912,114.40846314645663
zero,Linear state-space estimator,N1,Hstep,41.95942198945737,0.0816926050608429,513.6257064908983
zero,Linear state-space estimator,N2,Hbrn,0.43121475200152354,0.06423874069920946,6.712689995288625
zero,Linear state-space estimator,N2,Hdec,68.96698908567967,0.09615241232574363,717.2673822476173
zero,Linear state-space estimator,N2,Hprbs,21.896462660954263,0.0750570799599713,291.73080904069104
zero,Linear state-space estimator,N2,Hsin,6.786580983941169,0.06016120700956123,112.80659616524315
zero,Linear state-space estimator,N2,Hstep,41.32511821223799,0.08843731516562604,467.28146523720227
zero,Linear state-space estimator,N3,Hbrn,20.11187066115863,17.8737696886068,1.1252170645333117
zero,Linear state-space estimator,N3,Hdec,214.6053000728471,59.58669668539457,3.601563973346579
zero,Linear state-space estimator,N3,Hprbs,79.47263889465977,41.852337708221846,1.8988817171626582
zero,Linear state-space estimator,N3,Hsin,45.63720360880419,31.521908770947196,1.4477931504854378
zero,Linear state-space estimator,N3,Hstep,37.355151009983764,24.65916969434263,1.5148584268250476
zero,Neural ODE,N1,Hbrn,1.6294760458065636,1.2080410898406901,1.3488581303318499
zero,Neural ODE,N1,Hdec,25.322908486502627,2.108848554110582,12.007931265212498
zero,Neural ODE,N1,Hprbs,437.9646001180193,24.577449923428695,17.819773877375507
zero,Neural ODE,N1,Hsin,54.80967430926404,5.903133777131396,9.284843674320147
zero,Neural ODE,N1,Hstep,1.1251036279976694,2.1352286340196995,0.526924194473541
zero,Neural ODE,N2,Hbrn,2.6612795907178453,3.315469871178434,0.8026854998299029
zero,Neural ODE,N2,Hdec,65.29273740483333,1.469371931511431,44.435813700124015
zero,Neural ODE,N2,Hprbs,25.551445646159166,3.2667657643606067,7.82163383886211
zero,Neural ODE,N2,Hsin,97.1813196203797,3.3152592874799987,29.31333907648875
zero,Neural ODE,N2,Hstep,0.9470945827620586,2.4909723869054035,0.38021079147274595
zero,Neural ODE,N3,Hbrn,258.4433659797371,561.124966215678,0.4605807646070768
zero,Neural ODE,N3,Hdec,110.940424826531,51.87887261339562,2.138450957738914
zero,Neural ODE,N3,Hprbs,31.19136262282938,22.416433130274033,1.3914507469390638
zero,Neural ODE,N3,Hsin,40.08568456282117,34.92912568399123,1.1476291999256456
zero,Neural ODE,N3,Hstep,41.20767807395306,21.897000644412223,1.881886873144365
zero,LSTM sequence model,N1,Hbrn,0.739258344021044,0.3674350519249564,2.011942900243571
zero,LSTM sequence model,N1,Hdec,0.3903450139909673,0.30014285164009225,1.3005307701248818
zero,LSTM sequence model,N1,Hprbs,0.4221158152169956,0.4626008231772431,0.9124839258127825
zero,LSTM sequence model,N1,Hsin,0.9863649595847308,0.29646985338758247,3.3270329118260507
zero,LSTM sequence model,N1,Hstep,0.33283487590181154,0.3742217310544944,0.8894055269423782
zero,LSTM sequence model,N2,Hbrn,0.9680730773814719,0.5035291967021256,1.9225758580076102
zero,LSTM sequence model,N2,Hdec,0.7567523856349292,0.3753890922680145,2.015914690176013
zero,LSTM sequence model,N2,Hprbs,0.6791207928486128,0.47065955933349335,1.4429129917393453
zero,LSTM sequence model,N2,Hsin,1.0022813340508436,0.4098140824946021,2.445697639158228
zero,LSTM sequence model,N2,Hstep,0.1833009083903512,0.5382810758310369,0.3405300996460968
zero,LSTM sequence model,N3,Hbrn,1.1970218407851645,0.5936747899698095,2.0162921872529527
zero,LSTM sequence model,N3,Hdec,0.7307551757128675,0.7384605303114766,0.9895656514027107
zero,LSTM sequence model,N3,Hprbs,1.0763221732646053,0.8167260559027847,1.3178496822595807
zero,LSTM sequence model,N3,Hsin,1.4033820337290819,0.7105516165871014,1.975059940711642
zero,LSTM sequence model,N3,Hstep,0.9023575824552571,0.8218608784875543,1.097944440567409
zero,Linear residual DML,N1,Hbrn,0.1493397677460741,0.051444923467195196,2.902905820071894
zero,Linear residual DML,N1,Hdec,0.20673163157123803,0.10922893569204642,1.8926452982576423
zero,Linear residual DML,N1,Hprbs,0.10661915800803858,0.055191177752096414,1.9318152347997084
zero,Linear residual DML,N1,Hsin,0.14566394917097886,0.1043280268979187,1.3962110997604307
zero,Linear residual DML,N1,Hstep,0.17790946449361023,0.10910042246575011,1.6306945516133207
zero,Linear residual DML,N2,Hbrn,0.14855890265749513,0.05616118095900236,2.6452239807055173
zero,Linear residual DML,N2,Hdec,0.20881007767028492,0.11085609744603404,1.8836138244171543
zero,Linear residual DML,N2,Hprbs,0.10622506991271091,0.05563519742004832,1.9093141543240462
zero,Linear residual DML,N2,Hsin,0.15021837158698115,0.10687373370553209,1.4055686685455944
zero,Linear residual DML,N2,Hstep,0.17921785100524806,0.11087941688817528,1.6163311102726472
zero,Linear residual DML,N3,Hbrn,0.20203619962969632,0.10619865804793427,1.902436465237672
zero,Linear residual DML,N3,Hdec,0.22966167261487413,0.14697357806094113,1.5626051678462043
zero,Linear residual DML,N3,Hprbs,0.27088904193121915,0.1940336192300207,1.396093331692632
zero,Linear residual DML,N3,Hsin,0.20508468968356963,0.1435531356330151,1.4286326019924511
zero,Linear residual DML,N3,Hstep,0.24462210504218868,0.14672707558974343,1.667191307800374
zero,Linear residual DML + graph zero,N1,Hbrn,0.1493397677460741,0.03221141010077247,4.636238130490685
zero,Linear residual DML + graph zero,N1,Hdec,0.20673163157123803,0.02349184236993951,8.800145527784348
zero,Linear residual DML + graph zero,N1,Hprbs,0.10661915800803858,0.049209979402883915,2.1666165948809613
zero,Linear residual DML + graph zero,N1,Hsin,0.14566394917097886,0.05971996111115646,2.439116611276007
zero,Linear residual DML + graph zero,N1,Hstep,0.17790946449361023,0.10154603297125545,1.752008023237805
zero,Linear residual DML + graph zero,N2,Hbrn,0.14855890265749513,0.05616118095900236,2.6452239807055173
zero,Linear residual DML + graph zero,N2,Hdec,0.20881007767028492,0.10088208315307642,2.069843039952305
zero,Linear residual DML + graph zero,N2,Hprbs,0.10622506991271091,0.05563519742004832,1.9093141543240462
zero,Linear residual DML + graph zero,N2,Hsin,0.15021837158698115,0.10687373370553209,1.4055686685455944
zero,Linear residual DML + graph zero,N2,Hstep,0.17921785100524806,0.11087941688817528,1.6163311102726472
zero,Linear residual DML + graph zero,N3,Hbrn,0.20203619962969632,0.10619865804793427,1.902436465237672
zero,Linear residual DML + graph zero,N3,Hdec,0.22966167261487413,0.09083465099865032,2.5283487093299515
zero,Linear residual DML + graph zero,N3,Hprbs,0.15913016467142013,0.1940336192300207,0.8201164586987185
zero,Linear residual DML + graph zero,N3,Hsin,0.20508468968356963,0.1435531356330151,1.4286326019924511
zero,Linear residual DML + graph zero,N3,Hstep,0.24462210504218868,0.14672707558974343,1.667191307800374
zero,Linear residual DML + graph control,N1,Hbrn,2.728496589022327,0.032285322132725953,84.51198280771038
zero,Linear residual DML + graph control,N1,Hdec,3.012342042698472,0.018077949893690937,166.63073304289642
zero,Linear residual DML + graph control,N1,Hprbs,2.958996997571966,0.11576869404489024,25.55956100208396
zero,Linear residual DML + graph control,N1,Hsin,2.9574055695602692,0.13341843006627435,22.166394613481852
zero,Linear residual DML + graph control,N1,Hstep,2.978888724164662,0.1690197708625665,17.62449865457964
zero,Linear residual DML + graph control,N2,Hbrn,2.708345289734753,0.14451406173556008,18.74105022866657
zero,Linear residual DML + graph control,N2,Hdec,3.0320909219342824,0.19250412760626714,15.750783942336465
zero,Linear residual DML + graph control,N2,Hprbs,2.95211170692972,0.21302779839349462,13.857870799925944
zero,Linear residual DML + graph control,N2,Hsin,2.966125975972452,0.3620219161072479,8.193222133805143
zero,Linear residual DML + graph control,N2,Hstep,3.007882988786145,0.3467091135385411,8.675523288348117
zero,Linear residual DML + graph control,N3,Hbrn,2.884428734256248,2.4691997978294733,1.168163360774522
zero,Linear residual DML + graph control,N3,Hdec,4.273810535543529,0.5740486790532366,7.445031565253685
zero,Linear residual DML + graph control,N3,Hprbs,1.133373750757174,2.6741041230291174,0.4238330665573837
zero,Linear residual DML + graph control,N3,Hsin,4.810441841564962,2.5520915223470335,1.8849017754430037
zero,Linear residual DML + graph control,N3,Hstep,5.369897527474999,2.5000407596341976,2.1479239915515276
zero,Expanded DML,N1,Hbrn,6.372126624675218,3.2869213847216088,1.938630675590349
zero,Expanded DML,N1,Hdec,51.06488621545577,2.0641159052075864,24.739350191829573
zero,Expanded DML,N1,Hprbs,19.51654845721623,2.7773536052359304,7.027030487015837
zero,Expanded DML,N1,Hsin,17.549374083695,2.0504717812708577,8.558700609290078
zero,Expanded DML,N1,Hstep,41.07620830021915,2.0437651110682964,20.09830194172764
zero,Expanded DML,N2,Hbrn,6.516215379752111,3.1921505462239566,2.041324582094113
zero,Expanded DML,N2,Hdec,51.13635857928057,1.6888482205878574,30.278836165325103
zero,Expanded DML,N2,Hprbs,19.517535948772093,2.5706091405140796,7.592572375615573
zero,Expanded DML,N2,Hsin,17.495153725019748,1.6772380491948982,10.430930620383737
zero,Expanded DML,N2,Hstep,41.06915507972735,1.6993317395318854,24.167826754675144
zero,Expanded DML,N3,Hbrn,23.14718365663066,29.872514740173756,0.7748655865755218
zero,Expanded DML,N3,Hdec,81.24979497132881,30.063885642643072,2.7025713155349043
zero,Expanded DML,N3,Hprbs,40.76834486537035,30.437502557007974,1.3394116284347972
zero,Expanded DML,N3,Hsin,45.62741516679807,30.059424173368825,1.5179071596195686
zero,Expanded DML,N3,Hstep,42.05299783131704,30.075202619260384,1.398261496811529
zero,Expanded DML + graph zero,N1,Hbrn,6.372126624675218,2.785526191933968,2.2875845300349167
zero,Expanded DML + graph zero,N1,Hdec,51.06488621545577,0.48442992883155966,105.41232730732345
zero,Expanded DML + graph zero,N1,Hprbs,19.51654845721623,2.560586436939502,7.621905738336667
zero,Expanded DML + graph zero,N1,Hsin,17.549374083695,1.271668115635407,13.800278443661542
zero,Expanded DML + graph zero,N1,Hstep,41.07620830021915,1.9343670207040304,21.234961028889487
zero,Expanded DML + graph zero,N2,Hbrn,6.516215379752111,3.1921505462239566,2.041324582094113
zero,Expanded DML + graph zero,N2,Hdec,51.13635857928057,1.5852048320236065,32.25851798218532
zero,Expanded DML + graph zero,N2,Hprbs,19.517535948772093,2.5706091405140796,7.592572375615573
zero,Expanded DML + graph zero,N2,Hsin,17.495153725019748,1.6772380491948982,10.430930620383737
zero,Expanded DML + graph zero,N2,Hstep,41.06915507972735,1.6993317395318854,24.167826754675144
zero,Expanded DML + graph zero,N3,Hbrn,23.14718365663066,29.872514740173756,0.7748655865755218
zero,Expanded DML + graph zero,N3,Hdec,81.24979497132881,26.097579245415545,3.1133077212746323
zero,Expanded DML + graph zero,N3,Hprbs,6.599529684338449,30.437502557007974,0.21682231227670037
zero,Expanded DML + graph zero,N3,Hsin,45.62741516679807,30.059424173368825,1.5179071596195686
zero,Expanded DML + graph zero,N3,Hstep,42.05299783131704,30.075202619260384,1.398261496811529
zero,Expanded DML + graph control,N1,Hbrn,3.868467606582562,1.0509353211720982,3.6809759160707403
zero,Expanded DML + graph control,N1,Hdec,5.1592460736719365,0.4877101767633576,10.578508137580364
zero,Expanded DML + graph control,N1,Hprbs,4.730245430180858,2.9547998415247125,1.600868310504577
zero,Expanded DML + graph control,N1,Hsin,3.8583793475757564,0.46859483335914975,8.23393488979965
zero,Expanded DML + graph control,N1,Hstep,3.111973966003662,1.2564445607328008,2.4768096128241854
zero,Expanded DML + graph control,N2,Hbrn,4.1579465728953595,1.1620960378664373,3.577971559501387
zero,Expanded DML + graph control,N2,Hdec,5.339978047072874,2.057987631161482,2.5947571142879564
zero,Expanded DML + graph control,N2,Hprbs,6.343983708189705,1.7707050268560725,3.5827445068327353
zero,Expanded DML + graph control,N2,Hsin,4.737950531278596,1.5325510176853485,3.0915450621894762
zero,Expanded DML + graph control,N2,Hstep,2.05333784177821,2.025407135722883,1.013790168683966
zero,Expanded DML + graph control,N3,Hbrn,2.2874808725350606,2.726792636774589,0.8388906591888218
zero,Expanded DML + graph control,N3,Hdec,2.1877711768638863,13.198672255665521,0.1657569136111238
zero,Expanded DML + graph control,N3,Hprbs,2.3950715360737025,1.0764451051256225,2.224982513896233
zero,Expanded DML + graph control,N3,Hsin,3.9603240542547904,1.708668763366859,2.3177833756679327
zero,Expanded DML + graph control,N3,Hstep,1.4697507523190259,0.9414576720818448,1.561143741140233
zero,RBF GP,N1,Hbrn,0.30553388624545974,0.19814803334302933,1.5419476090208097
zero,RBF GP,N1,Hdec,0.5153695076311318,0.14730672124160443,3.498615021006753
zero,RBF GP,N1,Hprbs,0.5437811882330139,0.04816915077739818,11.288992632358502
zero,RBF GP,N1,Hsin,0.42030432549823593,0.15026721532081708,2.797046079551656
zero,RBF GP,N1,Hstep,0.1732177502793803,0.1475106894353776,1.174272528603865
zero,RBF GP,N2,Hbrn,0.3002654466686646,0.22252594136704376,1.3493503041669825
zero,RBF GP,N2,Hdec,0.5023813528462858,0.16688498166837842,3.01034489637049
zero,RBF GP,N2,Hprbs,0.5432445479790587,0.047484410872514836,11.440482002347053
zero,RBF GP,N2,Hsin,0.4206389999822661,0.17389443975415128,2.418933006581221
zero,RBF GP,N2,Hstep,0.17358632997290752,0.17772216856568937,0.9767286285883172
zero,RBF GP,N3,Hbrn,0.12969013964541928,0.07326676698900805,1.7701086723927129
zero,RBF GP,N3,Hdec,0.6112017305135395,0.23469742211305517,2.60421152056421
zero,RBF GP,N3,Hprbs,0.7263855699051673,0.2116097062342599,3.4326665956477025
zero,RBF GP,N3,Hsin,0.6703622571228541,0.23506836331650655,2.8517757458507864
zero,RBF GP,N3,Hstep,0.2845252537209562,0.2341057352614629,1.2153707101758182
zero,Matern GP,N1,Hbrn,0.21990477811624354,0.2632821432760693,0.8352438011174133
zero,Matern GP,N1,Hdec,0.2901067616245741,0.1388239370468558,2.089745960213312
zero,Matern GP,N1,Hprbs,0.1871632075036603,0.12507347060225746,1.496426113406996
zero,Matern GP,N1,Hsin,0.16566961790614726,0.131496600546645,1.2598775726326117
zero,Matern GP,N1,Hstep,0.24703748371617648,0.13349638110468987,1.850518206350822
zero,Matern GP,N2,Hbrn,0.2099020660982509,0.2834456314564388,0.7405373122870288
zero,Matern GP,N2,Hdec,0.2937935344211832,0.1299659606367775,2.2605421679778366
zero,Matern GP,N2,Hprbs,0.18519744591693857,0.11344934453518066,1.632424115588511
zero,Matern GP,N2,Hsin,0.17088703104922298,0.13587108604704726,1.2577144705390149
zero,Matern GP,N2,Hstep,0.2473561224417293,0.14118643769103656,1.7519821768081418
zero,Matern GP,N3,Hbrn,0.29332056140129625,0.2230252277242614,1.3151900544809438
zero,Matern GP,N3,Hdec,0.6599701762913474,0.2719901928730868,2.426448429334714
zero,Matern GP,N3,Hprbs,0.43390254135194306,0.40259296096218544,1.0777698157338087
zero,Matern GP,N3,Hsin,0.4060667136718091,0.2673872402153433,1.5186465642293876
zero,Matern GP,N3,Hstep,0.40709106113324556,0.2719445556351154,1.4969634533866694
