regime,method,noise,h_profile,mean_absolute_error,max_absolute_error,count
var,Average LSE,N1,Hbrn,2.7541440629290963,58.43653357963903,144
var,Average LSE,N1,Hdec,2.757087062784561,58.40130246247917,144
var,Average LSE,N1,Hprbs,3.1283510465966002,59.996407305087494,144
var,Average LSE,N1,Hsin,2.7609021663437194,58.47878083652372,144
var,Average LSE,N1,Hstep,2.7568144494462423,58.40561996018495,144
var,Average LSE,N2,Hbrn,2.838416481328207,58.63142401065994,144
var,Average LSE,N2,Hdec,2.8391609407358356,58.56043113139713,144
var,Average LSE,N2,Hprbs,3.1964798938494554,58.56476578306437,144
var,Average LSE,N2,Hsin,2.7977549453851878,58.27547792334574,144
var,Average LSE,N2,Hstep,2.8876201352737296,58.62774995156745,144
var,Average LSE,N3,Hbrn,0.06180700620552363,0.8727014454145625,144
var,Average LSE,N3,Hdec,0.05032087463646238,0.9079325625744387,144
var,Average LSE,N3,Hprbs,0.8795658367436441,27.625696351122095,144
var,Average LSE,N3,Hsin,0.08670454615889461,1.7644595669420429,144
var,Average LSE,N3,Hstep,0.04874730615088652,0.9036150648683008,144
var,Average LSE + graph control,N1,Hbrn,0.015366717371542722,0.13318808792885306,144
var,Average LSE + graph control,N1,Hdec,0.015091265436604526,0.13542253350763667,144
var,Average LSE + graph control,N1,Hprbs,0.016191029086240896,0.1392136928775909,144
var,Average LSE + graph control,N1,Hsin,0.014864124849978518,0.1308970031131892,144
var,Average LSE + graph control,N1,Hstep,0.015479981296686547,0.13331400936124016,144
var,Average LSE + graph control,N2,Hbrn,0.0157601439051217,0.13519863374408048,144
var,Average LSE + graph control,N2,Hdec,0.015519846028683445,0.1336128979452912,144
var,Average LSE + graph control,N2,Hprbs,0.01656054801664161,0.1399517175210211,144
var,Average LSE + graph control,N2,Hsin,0.015346519070252806,0.13321687137342864,144
var,Average LSE + graph control,N2,Hstep,0.01582506315473154,0.13383544482369714,144
var,Average LSE + graph control,N3,Hbrn,0.00974855389295973,0.14309585269817493,144
var,Average LSE + graph control,N3,Hdec,0.009534557815795233,0.14182742736529463,144
var,Average LSE + graph control,N3,Hprbs,0.010552970816978523,0.13105260537899432,144
var,Average LSE + graph control,N3,Hsin,0.009536948285642789,0.13273543945461652,144
var,Average LSE + graph control,N3,Hstep,0.00926828640490411,0.13520039937061012,144
var,Average LSE + graph zero,N1,Hbrn,2.7541440629290963,58.43653357963903,144
var,Average LSE + graph zero,N1,Hdec,2.757087062784561,58.40130246247917,144
var,Average LSE + graph zero,N1,Hprbs,3.1283510465966002,59.996407305087494,144
var,Average LSE + graph zero,N1,Hsin,2.7609021663437194,58.47878083652372,144
var,Average LSE + graph zero,N1,Hstep,2.7568144494462423,58.40561996018495,144
var,Average LSE + graph zero,N2,Hbrn,2.838416481328207,58.63142401065994,144
var,Average LSE + graph zero,N2,Hdec,2.8391609407358356,58.56043113139713,144
var,Average LSE + graph zero,N2,Hprbs,3.1964798938494554,58.56476578306437,144
var,Average LSE + graph zero,N2,Hsin,2.7977549453851878,58.27547792334574,144
var,Average LSE + graph zero,N2,Hstep,2.8876201352737296,58.62774995156745,144
var,Average LSE + graph zero,N3,Hbrn,0.06180700620552363,0.8727014454145625,144
var,Average LSE + graph zero,N3,Hdec,0.05032087463646238,0.9079325625744387,144
var,Average LSE + graph zero,N3,Hprbs,0.8795658367436441,27.625696351122095,144
var,Average LSE + graph zero,N3,Hsin,0.08670454615889461,1.7644595669420429,144
var,Average LSE + graph zero,N3,Hstep,0.04874730615088652,0.9036150648683008,144
var,Expanded DML,N1,Hbrn,0.009141420433472214,0.09446826187912682,144
var,Expanded DML,N1,Hdec,0.009210299420177552,0.10128737370643037,144
var,Expanded DML,N1,Hprbs,0.009057441288395375,0.08502901437256072,144
var,Expanded DML,N1,Hsin,0.00915538943324261,0.07730350108085049,144
var,Expanded DML,N1,Hstep,0.009240894143354234,0.09458835762195639,144
var,Expanded DML,N2,Hbrn,0.009227267213558286,0.09084177340593813,144
var,Expanded DML,N2,Hdec,0.009268149842593935,0.10133145775734964,144
var,Expanded DML,N2,Hprbs,0.009123089427626057,0.08599014225624413,144
var,Expanded DML,N2,Hsin,0.009251435497072488,0.0768840713713379,144
var,Expanded DML,N2,Hstep,0.009229874379070165,0.09231469449739227,144
var,Expanded DML,N3,Hbrn,0.006195623101552794,0.10125864558072895,144
var,Expanded DML,N3,Hdec,0.006181743447989712,0.10953901378673092,144
var,Expanded DML,N3,Hprbs,0.0063454358034922605,0.09082474806251728,144
var,Expanded DML,N3,Hsin,0.006367205128052935,0.08407557760738471,144
var,Expanded DML,N3,Hstep,0.0064735320259813245,0.10376704079524601,144
var,Expanded DML + graph control,N1,Hbrn,0.09936796218234001,1.0592578692075518,144
var,Expanded DML + graph control,N1,Hdec,0.10095385037730731,1.0819350738612907,144
var,Expanded DML + graph control,N1,Hprbs,0.10414232586728496,1.1997043481682552,144
var,Expanded DML + graph control,N1,Hsin,0.10338249639984196,1.1182131138015605,144
var,Expanded DML + graph control,N1,Hstep,0.10019304005446338,1.0771890252247736,144
var,Expanded DML + graph control,N2,Hbrn,0.09769691950613053,1.0436466096975858,144
var,Expanded DML + graph control,N2,Hdec,0.09858215021532796,1.0360061337033346,144
var,Expanded DML + graph control,N2,Hprbs,0.0998579697933082,1.1361180371739557,144
var,Expanded DML + graph control,N2,Hsin,0.1021231930475068,1.204688275826097,144
var,Expanded DML + graph control,N2,Hstep,0.09738668827805838,1.050763698174291,144
var,Expanded DML + graph control,N3,Hbrn,0.16287392885718166,2.420725380411288,144
var,Expanded DML + graph control,N3,Hdec,0.15744370270131752,1.95293068634216,144
var,Expanded DML + graph control,N3,Hprbs,0.1657165254813146,2.895122795924052,144
var,Expanded DML + graph control,N3,Hsin,0.1779438583384695,2.946983765150287,144
var,Expanded DML + graph control,N3,Hstep,0.15152499897666283,2.6117889307437565,144
var,Expanded DML + graph zero,N1,Hbrn,0.009141420433472214,0.09446826187912682,144
var,Expanded DML + graph zero,N1,Hdec,0.009210299420177552,0.10128737370643037,144
var,Expanded DML + graph zero,N1,Hprbs,0.009057441288395375,0.08502901437256072,144
var,Expanded DML + graph zero,N1,Hsin,0.00915538943324261,0.07730350108085049,144
var,Expanded DML + graph zero,N1,Hstep,0.009240894143354234,0.09458835762195639,144
var,Expanded DML + graph zero,N2,Hbrn,0.009227267213558286,0.09084177340593813,144
var,Expanded DML + graph zero,N2,Hdec,0.009268149842593935,0.10133145775734964,144
var,Expanded DML + graph zero,N2,Hprbs,0.009123089427626057,0.08599014225624413,144
var,Expanded DML + graph zero,N2,Hsin,0.009251435497072488,0.0768840713713379,144
var,Expanded DML + graph zero,N2,Hstep,0.009229874379070165,0.09231469449739227,144
var,Expanded DML + graph zero,N3,Hbrn,0.006195623101552794,0.10125864558072895,144
var,Expanded DML + graph zero,N3,Hdec,0.006181743447989712,0.10953901378673092,144
var,Expanded DML + graph zero,N3,Hprbs,0.0063454358034922605,0.09082474806251728,144
var,Expanded DML + graph zero,N3,Hsin,0.006367205128052935,0.08407557760738471,144
var,Expanded DML + graph zero,N3,Hstep,0.0064735320259813245,0.10376704079524601,144
var,Expanded LSE,N1,Hbrn,3.2650577525287683,71.28148804634915,144
var,Expanded LSE,N1,Hdec,2.9190154992526853,63.20704215226121,144
var,Expanded LSE,N1,Hprbs,2.8508712425437768,54.17909175915895,144
var,Expanded LSE,N1,Hsin,3.514814223872418,76.13889837120726,144
var,Expanded LSE,N1,Hstep,3.9486016422172576,86.78001590486838,144
var,Expanded LSE,N2,Hbrn,2.9765004438122538,63.38895900509719,144
var,Expanded LSE,N2,Hdec,3.1554704295037026,67.03663366068861,144
var,Expanded LSE,N2,Hprbs,2.153416969104013,39.307563623258,144
var,Expanded LSE,N2,Hsin,2.65754007047107,56.18177381274965,144
var,Expanded LSE,N2,Hstep,3.1703629223069774,66.00634329551546,144
var,Expanded LSE,N3,Hbrn,0.07241047286948862,0.9347986638283826,144
var,Expanded LSE,N3,Hdec,0.05276329305931568,0.9445567328755861,144
var,Expanded LSE,N3,Hprbs,0.9709194555140814,28.84306873076348,144
var,Expanded LSE,N3,Hsin,0.12450872927558258,2.0007015940794166,144
var,Expanded LSE,N3,Hstep,0.05535723500570336,1.0308294984628388,144
var,Expanded LSE + graph control,N1,Hbrn,3.2650577525289144,71.28148804635612,144
var,Expanded LSE + graph control,N1,Hdec,2.919015499253392,63.20704215227777,144
var,Expanded LSE + graph control,N1,Hprbs,2.850871242543948,54.17909175916434,144
var,Expanded LSE + graph control,N1,Hsin,3.5148142238719986,76.13889837119395,144
var,Expanded LSE + graph control,N1,Hstep,3.948601642217904,86.78001590488512,144
var,Expanded LSE + graph control,N2,Hbrn,2.976500443809393,63.38895900502717,144
var,Expanded LSE + graph control,N2,Hdec,3.1554704295027247,67.03663366066016,144
var,Expanded LSE + graph control,N2,Hprbs,2.1534169691034624,39.307563623255774,144
var,Expanded LSE + graph control,N2,Hsin,2.6575400704738787,56.1817738128113,144
var,Expanded LSE + graph control,N2,Hstep,3.1703629223088408,66.00634329556192,144
var,Expanded LSE + graph control,N3,Hbrn,0.07241047286948027,0.9347986638281897,144
var,Expanded LSE + graph control,N3,Hdec,0.05276329305931108,0.9445567328753687,144
var,Expanded LSE + graph control,N3,Hprbs,0.9709194555136934,28.843068730752744,144
var,Expanded LSE + graph control,N3,Hsin,0.12450872927557939,2.000701594079345,144
var,Expanded LSE + graph control,N3,Hstep,0.05535723500570783,1.0308294984630793,144
var,Expanded LSE + graph zero,N1,Hbrn,3.2650577525287683,71.28148804634915,144
var,Expanded LSE + graph zero,N1,Hdec,2.9190154992526853,63.20704215226121,144
var,Expanded LSE + graph zero,N1,Hprbs,2.8508712425437768,54.17909175915895,144
var,Expanded LSE + graph zero,N1,Hsin,3.514814223872418,76.13889837120726,144
var,Expanded LSE + graph zero,N1,Hstep,3.9486016422172576,86.78001590486838,144
var,Expanded LSE + graph zero,N2,Hbrn,2.9765004438122538,63.38895900509719,144
var,Expanded LSE + graph zero,N2,Hdec,3.1554704295037026,67.03663366068861,144
var,Expanded LSE + graph zero,N2,Hprbs,2.153416969104013,39.307563623258,144
var,Expanded LSE + graph zero,N2,Hsin,2.65754007047107,56.18177381274965,144
var,Expanded LSE + graph zero,N2,Hstep,3.1703629223069774,66.00634329551546,144
var,Expanded LSE + graph zero,N3,Hbrn,0.07241047286948862,0.9347986638283826,144
var,Expanded LSE + graph zero,N3,Hdec,0.05276329305931568,0.9445567328755861,144
var,Expanded LSE + graph zero,N3,Hprbs,0.9709194555140814,28.84306873076348,144
var,Expanded LSE + graph zero,N3,Hsin,0.12450872927558258,2.0007015940794166,144
var,Expanded LSE + graph zero,N3,Hstep,0.05535723500570336,1.0308294984628388,144
var,LSTM sequence model,N1,Hbrn,0.012748418478836902,0.1523058623185375,144
var,LSTM sequence model,N1,Hdec,0.014267219024088833,0.14596656719168444,144
var,LSTM sequence model,N1,Hprbs,0.014210876954416089,0.13970155635794423,144
var,LSTM sequence model,N1,Hsin,0.012673875569216047,0.14694446531256455,144
var,LSTM sequence model,N1,Hstep,0.012562911574628991,0.1459050647130229,144
var,LSTM sequence model,N2,Hbrn,0.012252919363099045,0.13290346494635363,144
var,LSTM sequence model,N2,Hdec,0.014175334481355412,0.1495143643727519,144
var,LSTM sequence model,N2,Hprbs,0.013918321574251658,0.14641110793074386,144
var,LSTM sequence model,N2,Hsin,0.013134649730004397,0.14009401906635544,144
var,LSTM sequence model,N2,Hstep,0.013296482929472902,0.14693554964979905,144
var,LSTM sequence model,N3,Hbrn,0.00990551218834762,0.14678574050571702,144
var,LSTM sequence model,N3,Hdec,0.009104389457132121,0.1431989346852519,144
var,LSTM sequence model,N3,Hprbs,0.01007852909815755,0.13590172136928813,144
var,LSTM sequence model,N3,Hsin,0.009413812460300642,0.14155137170460008,144
var,LSTM sequence model,N3,Hstep,0.009214607538056712,0.13486291898395797,144
var,Linear residual DML,N1,Hbrn,0.0036638747762989723,0.049566706695475804,144
var,Linear residual DML,N1,Hdec,0.0042615650010034865,0.08058697721280061,144
var,Linear residual DML,N1,Hprbs,0.0035707366877849363,0.045143340834137624,144
var,Linear residual DML,N1,Hsin,0.00359130296499468,0.04926354629184371,144
var,Linear residual DML,N1,Hstep,0.0034931886319476057,0.043444245229156686,144
var,Linear residual DML,N2,Hbrn,0.003660920305123959,0.0511544190719877,144
var,Linear residual DML,N2,Hdec,0.0042380830093555226,0.08039744170815388,144
var,Linear residual DML,N2,Hprbs,0.0036513835441395995,0.045610782274529416,144
var,Linear residual DML,N2,Hsin,0.0036247754216806633,0.05039647192900076,144
var,Linear residual DML,N2,Hstep,0.0034847506107443756,0.04421981300850242,144
var,Linear residual DML,N3,Hbrn,0.0038666993067122293,0.05558302759457301,144
var,Linear residual DML,N3,Hdec,0.004354051963693748,0.08329228905786923,144
var,Linear residual DML,N3,Hprbs,0.003774583268373751,0.05351576767608934,144
var,Linear residual DML,N3,Hsin,0.003884831969105757,0.05583738439986807,144
var,Linear residual DML,N3,Hstep,0.0036694275322780687,0.051286370314446605,144
var,Linear residual DML + graph control,N1,Hbrn,0.05075063054414416,0.6099961013424452,144
var,Linear residual DML + graph control,N1,Hdec,0.061341014018763546,0.9783887713663797,144
var,Linear residual DML + graph control,N1,Hprbs,0.06115882643419527,0.8554896240294044,144
var,Linear residual DML + graph control,N1,Hsin,0.0642274693206365,1.0070769762318317,144
var,Linear residual DML + graph control,N1,Hstep,0.05416196971977551,0.7405352775392285,144
var,Linear residual DML + graph control,N2,Hbrn,0.049335659974957716,0.6013606341524678,144
var,Linear residual DML + graph control,N2,Hdec,0.0597250066244786,0.9492405497901233,144
var,Linear residual DML + graph control,N2,Hprbs,0.05994228005804478,0.8513864571289408,144
var,Linear residual DML + graph control,N2,Hsin,0.06271809439088089,0.981340279542348,144
var,Linear residual DML + graph control,N2,Hstep,0.05288162880167618,0.7288829075247754,144
var,Linear residual DML + graph control,N3,Hbrn,0.12200093395522892,1.2504481651336432,144
var,Linear residual DML + graph control,N3,Hdec,0.12369639386529187,1.2368146851406467,144
var,Linear residual DML + graph control,N3,Hprbs,0.12725210172879894,1.4164634543906374,144
var,Linear residual DML + graph control,N3,Hsin,0.12762330602159977,1.4846838969616347,144
var,Linear residual DML + graph control,N3,Hstep,0.13379759348147374,1.9354816895398796,144
var,Linear residual DML + graph zero,N1,Hbrn,0.0036638747762989723,0.049566706695475804,144
var,Linear residual DML + graph zero,N1,Hdec,0.0042615650010034865,0.08058697721280061,144
var,Linear residual DML + graph zero,N1,Hprbs,0.0035707366877849363,0.045143340834137624,144
var,Linear residual DML + graph zero,N1,Hsin,0.00359130296499468,0.04926354629184371,144
var,Linear residual DML + graph zero,N1,Hstep,0.0034931886319476057,0.043444245229156686,144
var,Linear residual DML + graph zero,N2,Hbrn,0.003660920305123959,0.0511544190719877,144
var,Linear residual DML + graph zero,N2,Hdec,0.0042380830093555226,0.08039744170815388,144
var,Linear residual DML + graph zero,N2,Hprbs,0.0036513835441395995,0.045610782274529416,144
var,Linear residual DML + graph zero,N2,Hsin,0.0036247754216806633,0.05039647192900076,144
var,Linear residual DML + graph zero,N2,Hstep,0.0034847506107443756,0.04421981300850242,144
var,Linear residual DML + graph zero,N3,Hbrn,0.0038666993067122293,0.05558302759457301,144
var,Linear residual DML + graph zero,N3,Hdec,0.004354051963693748,0.08329228905786923,144
var,Linear residual DML + graph zero,N3,Hprbs,0.003774583268373751,0.05351576767608934,144
var,Linear residual DML + graph zero,N3,Hsin,0.003884831969105757,0.05583738439986807,144
var,Linear residual DML + graph zero,N3,Hstep,0.0036694275322780687,0.051286370314446605,144
var,Linear state-space estimator,N1,Hbrn,0.0011905191608235133,0.0103392723680233,144
var,Linear state-space estimator,N1,Hdec,0.0015216297527141393,0.02982764941878746,144
var,Linear state-space estimator,N1,Hprbs,0.0012921464333187564,0.0116967918509538,144
var,Linear state-space estimator,N1,Hsin,0.0013926107836617079,0.0123936453750437,144
var,Linear state-space estimator,N1,Hstep,0.0013611504956398742,0.0109521123306918,144
var,Linear state-space estimator,N2,Hbrn,0.0012188104357837935,0.0100669095515837,144
var,Linear state-space estimator,N2,Hdec,0.001541424464906062,0.030281581995954543,144
var,Linear state-space estimator,N2,Hprbs,0.0013102981051524864,0.0122602916808334,144
var,Linear state-space estimator,N2,Hsin,0.001436102122124313,0.0122674687286083,144
var,Linear state-space estimator,N2,Hstep,0.0013886602030409876,0.0111307829060468,144
var,Linear state-space estimator,N3,Hbrn,0.036320207206864165,0.2212256388640699,144
var,Linear state-space estimator,N3,Hdec,0.0437529773408987,0.3362030335071044,144
var,Linear state-space estimator,N3,Hprbs,0.03539695122741265,0.2221997418306167,144
var,Linear state-space estimator,N3,Hsin,0.033473454574482135,0.1997279193919986,144
var,Linear state-space estimator,N3,Hstep,0.03030993662020118,0.2745358036119831,144
var,Matern GP,N1,Hbrn,0.0029175940391081285,0.020679327848981188,144
var,Matern GP,N1,Hdec,0.008820062228011773,0.4024503945953956,144
var,Matern GP,N1,Hprbs,0.002922741421855288,0.023381964572374736,144
var,Matern GP,N1,Hsin,0.002697932445266616,0.019100431255842355,144
var,Matern GP,N1,Hstep,0.006950385449195702,0.34343284657386813,144
var,Matern GP,N2,Hbrn,0.0027821637487075047,0.02095384062556572,144
var,Matern GP,N2,Hdec,0.006708183495546461,0.3857626844184875,144
var,Matern GP,N2,Hprbs,0.0029609030456974167,0.025009913095969782,144
var,Matern GP,N2,Hsin,0.0033003338966618584,0.043092781936062974,144
var,Matern GP,N2,Hstep,0.0057534465863446115,0.34897244959005513,144
var,Matern GP,N3,Hbrn,0.016555926288276956,1.5836380062833133,144
var,Matern GP,N3,Hdec,0.007368903427695857,0.35604459136589584,144
var,Matern GP,N3,Hprbs,0.012891793338825643,0.3873763561037315,144
var,Matern GP,N3,Hsin,0.011416317007679512,0.46950194077902424,144
var,Matern GP,N3,Hstep,0.012523003155446542,0.9376131980993925,144
var,Neural ODE,N1,Hbrn,0.0028732005285554934,0.0226170126410434,144
var,Neural ODE,N1,Hdec,0.004483094513168498,0.05821551658508206,144
var,Neural ODE,N1,Hprbs,0.003966037051652067,0.05804565883646137,144
var,Neural ODE,N1,Hsin,0.0031615946420378276,0.017642044286301485,144
var,Neural ODE,N1,Hstep,0.003552371481923708,0.034302276890180616,144
var,Neural ODE,N2,Hbrn,0.0032230962056746977,0.033596430830783675,144
var,Neural ODE,N2,Hdec,0.003539435114217766,0.03178393835541271,144
var,Neural ODE,N2,Hprbs,0.003839402103122539,0.03286776374839246,144
var,Neural ODE,N2,Hsin,0.0037805740416149564,0.034072005084672126,144
var,Neural ODE,N2,Hstep,0.0034286906697772296,0.022235186207619162,144
var,Neural ODE,N3,Hbrn,0.03308196428463025,0.2980026208226936,144
var,Neural ODE,N3,Hdec,0.04497910218810909,0.39758524316014165,144
var,Neural ODE,N3,Hprbs,0.15193971594597044,1.430673568072562,144
var,Neural ODE,N3,Hsin,0.08148403535304691,0.40281340778436703,144
var,Neural ODE,N3,Hstep,0.047003303725496375,0.3691661504968108,144
var,RBF GP,N1,Hbrn,0.002457174958473666,0.022571216825556406,144
var,RBF GP,N1,Hdec,0.002612031292721268,0.026206828318798298,144
var,RBF GP,N1,Hprbs,0.0029376320927527377,0.04257381767645163,144
var,RBF GP,N1,Hsin,0.0024483195138390013,0.02602827975451172,144
var,RBF GP,N1,Hstep,0.0026397662592080547,0.028991192273130628,144
var,RBF GP,N2,Hbrn,0.002469449372571338,0.02391299943017411,144
var,RBF GP,N2,Hdec,0.0036623412967951,0.07602122674951595,144
var,RBF GP,N2,Hprbs,0.003102676979657438,0.04594880625459907,144
var,RBF GP,N2,Hsin,0.0024650800186466456,0.02665855966440034,144
var,RBF GP,N2,Hstep,0.002651118670921789,0.028844146271882587,144
var,RBF GP,N3,Hbrn,0.7114969768958472,23.68801149819705,144
var,RBF GP,N3,Hdec,0.8861206303176619,23.88588147989253,144
var,RBF GP,N3,Hprbs,0.6385473388811991,21.316438020361115,144
var,RBF GP,N3,Hsin,0.47982288977174836,23.415460407268824,144
var,RBF GP,N3,Hstep,0.6836214322928167,23.66539153695106,144
