regime,method,noise,h_profile,gradient,output,input,estimate,true_value,absolute_error
var,Expanded DML + graph control,N1,Hbrn,"$\partial X_1^A/\partial X_{0,A}$",X1A,X0_A,0.21282488690757934,0.3620378515604405,0.14921296465286116
var,Expanded DML + graph control,N1,Hbrn,"$\partial X_1^B/\partial X_{0,B}$",X1B,X0_B,0.23134301831679005,0.34936432146723756,0.11802130315044751
var,Expanded DML + graph zero,N1,Hbrn,"$\partial X_1^A/\partial X_{0,A}$",X1A,X0_A,0.30610478803141955,0.3620378515604405,0.05593306352902094
var,Expanded DML + graph zero,N1,Hbrn,"$\partial X_1^B/\partial X_{0,B}$",X1B,X0_B,0.3133268586062702,0.34936432146723756,0.03603746286096737
var,Expanded DML,N1,Hbrn,"$\partial X_1^A/\partial X_{0,A}$",X1A,X0_A,0.30610478803141955,0.3620378515604405,0.05593306352902094
var,Expanded DML,N1,Hbrn,"$\partial X_1^B/\partial X_{0,B}$",X1B,X0_B,0.3133268586062702,0.34936432146723756,0.03603746286096737
var,Expanded DML + graph control,N2,Hbrn,"$\partial X_1^A/\partial X_{0,A}$",X1A,X0_A,0.21049823594991446,0.3620378515604405,0.15153961561052604
var,Expanded DML + graph control,N2,Hbrn,"$\partial X_1^B/\partial X_{0,B}$",X1B,X0_B,0.23832464546237753,0.34936432146723756,0.11103967600486003
var,Expanded DML + graph zero,N2,Hbrn,"$\partial X_1^A/\partial X_{0,A}$",X1A,X0_A,0.3059707300296437,0.3620378515604405,0.05606712153079679
var,Expanded DML + graph zero,N2,Hbrn,"$\partial X_1^B/\partial X_{0,B}$",X1B,X0_B,0.3131635086180221,0.34936432146723756,0.03620081284921545
var,Expanded DML,N2,Hbrn,"$\partial X_1^A/\partial X_{0,A}$",X1A,X0_A,0.3059707300296437,0.3620378515604405,0.05606712153079679
var,Expanded DML,N2,Hbrn,"$\partial X_1^B/\partial X_{0,B}$",X1B,X0_B,0.3131635086180221,0.34936432146723756,0.03620081284921545
var,Expanded DML + graph control,N3,Hbrn,"$\partial X_1^A/\partial X_{0,A}$",X1A,X0_A,0.15770006182412233,0.3620378515604405,0.20433778973631817
var,Expanded DML + graph control,N3,Hbrn,"$\partial X_1^B/\partial X_{0,B}$",X1B,X0_B,0.18883278972373413,0.34936432146723756,0.16053153174350343
var,Expanded DML + graph zero,N3,Hbrn,"$\partial X_1^A/\partial X_{0,A}$",X1A,X0_A,0.3057535489831368,0.3620378515604405,0.05628430257730371
var,Expanded DML + graph zero,N3,Hbrn,"$\partial X_1^B/\partial X_{0,B}$",X1B,X0_B,0.31428718118732224,0.34936432146723756,0.03507714027991532
var,Expanded DML,N3,Hbrn,"$\partial X_1^A/\partial X_{0,A}$",X1A,X0_A,0.3057535489831368,0.3620378515604405,0.05628430257730371
var,Expanded DML,N3,Hbrn,"$\partial X_1^B/\partial X_{0,B}$",X1B,X0_B,0.31428718118732224,0.34936432146723756,0.03507714027991532
var,Expanded DML + graph control,N1,Hdec,"$\partial X_1^A/\partial X_{0,A}$",X1A,X0_A,0.21855635718034871,0.3620378515604405,0.14348149438009178
var,Expanded DML + graph control,N1,Hdec,"$\partial X_1^B/\partial X_{0,B}$",X1B,X0_B,0.21469512114733366,0.34936432146723756,0.1346692003199039
var,Expanded DML + graph zero,N1,Hdec,"$\partial X_1^A/\partial X_{0,A}$",X1A,X0_A,0.3093101991796697,0.3620378515604405,0.05272765238077082
var,Expanded DML + graph zero,N1,Hdec,"$\partial X_1^B/\partial X_{0,B}$",X1B,X0_B,0.3093367804672005,0.34936432146723756,0.04002754100003708
var,Expanded DML,N1,Hdec,"$\partial X_1^A/\partial X_{0,A}$",X1A,X0_A,0.3093101991796697,0.3620378515604405,0.05272765238077082
var,Expanded DML,N1,Hdec,"$\partial X_1^B/\partial X_{0,B}$",X1B,X0_B,0.3093367804672005,0.34936432146723756,0.04002754100003708
var,Expanded DML + graph control,N2,Hdec,"$\partial X_1^A/\partial X_{0,A}$",X1A,X0_A,0.216783117428368,0.3620378515604405,0.1452547341320725
var,Expanded DML + graph control,N2,Hdec,"$\partial X_1^B/\partial X_{0,B}$",X1B,X0_B,0.21071462093868482,0.34936432146723756,0.13864970052855274
var,Expanded DML + graph zero,N2,Hdec,"$\partial X_1^A/\partial X_{0,A}$",X1A,X0_A,0.308276642019607,0.3620378515604405,0.05376120954083352
var,Expanded DML + graph zero,N2,Hdec,"$\partial X_1^B/\partial X_{0,B}$",X1B,X0_B,0.3100381601268257,0.34936432146723756,0.039326161340411836
var,Expanded DML,N2,Hdec,"$\partial X_1^A/\partial X_{0,A}$",X1A,X0_A,0.308276642019607,0.3620378515604405,0.05376120954083352
var,Expanded DML,N2,Hdec,"$\partial X_1^B/\partial X_{0,B}$",X1B,X0_B,0.3100381601268257,0.34936432146723756,0.039326161340411836
var,Expanded DML + graph control,N3,Hdec,"$\partial X_1^A/\partial X_{0,A}$",X1A,X0_A,0.15122138799411083,0.3620378515604405,0.21081646356632966
var,Expanded DML + graph control,N3,Hdec,"$\partial X_1^B/\partial X_{0,B}$",X1B,X0_B,0.16417487303890288,0.34936432146723756,0.18518944842833468
var,Expanded DML + graph zero,N3,Hdec,"$\partial X_1^A/\partial X_{0,A}$",X1A,X0_A,0.3073500423342523,0.3620378515604405,0.05468780922618821
var,Expanded DML + graph zero,N3,Hdec,"$\partial X_1^B/\partial X_{0,B}$",X1B,X0_B,0.3134983224377923,0.34936432146723756,0.03586599902944526
var,Expanded DML,N3,Hdec,"$\partial X_1^A/\partial X_{0,A}$",X1A,X0_A,0.3073500423342523,0.3620378515604405,0.05468780922618821
var,Expanded DML,N3,Hdec,"$\partial X_1^B/\partial X_{0,B}$",X1B,X0_B,0.3134983224377923,0.34936432146723756,0.03586599902944526
var,Expanded DML + graph control,N1,Hprbs,"$\partial X_1^A/\partial X_{0,A}$",X1A,X0_A,0.20489389547127512,0.3620378515604405,0.15714395608916537
var,Expanded DML + graph control,N1,Hprbs,"$\partial X_1^B/\partial X_{0,B}$",X1B,X0_B,0.22314560408833464,0.34936432146723756,0.12621871737890292
var,Expanded DML + graph zero,N1,Hprbs,"$\partial X_1^A/\partial X_{0,A}$",X1A,X0_A,0.2883372051392821,0.3620378515604405,0.07370064642115837
var,Expanded DML + graph zero,N1,Hprbs,"$\partial X_1^B/\partial X_{0,B}$",X1B,X0_B,0.31753240589959963,0.34936432146723756,0.031831915567637925
var,Expanded DML,N1,Hprbs,"$\partial X_1^A/\partial X_{0,A}$",X1A,X0_A,0.2883372051392821,0.3620378515604405,0.07370064642115837
var,Expanded DML,N1,Hprbs,"$\partial X_1^B/\partial X_{0,B}$",X1B,X0_B,0.31753240589959963,0.34936432146723756,0.031831915567637925
var,Expanded DML + graph control,N2,Hprbs,"$\partial X_1^A/\partial X_{0,A}$",X1A,X0_A,0.20901608179042114,0.3620378515604405,0.15302176977001936
var,Expanded DML + graph control,N2,Hprbs,"$\partial X_1^B/\partial X_{0,B}$",X1B,X0_B,0.2275059302120656,0.34936432146723756,0.12185839125517195
var,Expanded DML + graph zero,N2,Hprbs,"$\partial X_1^A/\partial X_{0,A}$",X1A,X0_A,0.2881368930075253,0.3620378515604405,0.07390095855291517
var,Expanded DML + graph zero,N2,Hprbs,"$\partial X_1^B/\partial X_{0,B}$",X1B,X0_B,0.3198738364353986,0.34936432146723756,0.029490485031838987
var,Expanded DML,N2,Hprbs,"$\partial X_1^A/\partial X_{0,A}$",X1A,X0_A,0.2881368930075253,0.3620378515604405,0.07390095855291517
var,Expanded DML,N2,Hprbs,"$\partial X_1^B/\partial X_{0,B}$",X1B,X0_B,0.3198738364353986,0.34936432146723756,0.029490485031838987
var,Expanded DML + graph control,N3,Hprbs,"$\partial X_1^A/\partial X_{0,A}$",X1A,X0_A,0.15917898684188198,0.3620378515604405,0.20285886471855852
var,Expanded DML + graph control,N3,Hprbs,"$\partial X_1^B/\partial X_{0,B}$",X1B,X0_B,0.1890766612012641,0.34936432146723756,0.16028766026597346
var,Expanded DML + graph zero,N3,Hprbs,"$\partial X_1^A/\partial X_{0,A}$",X1A,X0_A,0.2876662434931348,0.3620378515604405,0.0743716080673057
var,Expanded DML + graph zero,N3,Hprbs,"$\partial X_1^B/\partial X_{0,B}$",X1B,X0_B,0.3197665032229878,0.34936432146723756,0.029597818244249785
var,Expanded DML,N3,Hprbs,"$\partial X_1^A/\partial X_{0,A}$",X1A,X0_A,0.2876662434931348,0.3620378515604405,0.0743716080673057
var,Expanded DML,N3,Hprbs,"$\partial X_1^B/\partial X_{0,B}$",X1B,X0_B,0.3197665032229878,0.34936432146723756,0.029597818244249785
var,Expanded DML + graph control,N1,Hsin,"$\partial X_1^A/\partial X_{0,A}$",X1A,X0_A,0.20836562824349014,0.3620378515604405,0.15367222331695035
var,Expanded DML + graph control,N1,Hsin,"$\partial X_1^B/\partial X_{0,B}$",X1B,X0_B,0.21733717670745062,0.34936432146723756,0.13202714475978694
var,Expanded DML + graph zero,N1,Hsin,"$\partial X_1^A/\partial X_{0,A}$",X1A,X0_A,0.3060862055779595,0.3620378515604405,0.05595164598248098
var,Expanded DML + graph zero,N1,Hsin,"$\partial X_1^B/\partial X_{0,B}$",X1B,X0_B,0.3173947372765419,0.34936432146723756,0.03196958419069568
var,Expanded DML,N1,Hsin,"$\partial X_1^A/\partial X_{0,A}$",X1A,X0_A,0.3060862055779595,0.3620378515604405,0.05595164598248098
var,Expanded DML,N1,Hsin,"$\partial X_1^B/\partial X_{0,B}$",X1B,X0_B,0.3173947372765419,0.34936432146723756,0.03196958419069568
var,Expanded DML + graph control,N2,Hsin,"$\partial X_1^A/\partial X_{0,A}$",X1A,X0_A,0.20961416260123777,0.3620378515604405,0.15242368895920272
var,Expanded DML + graph control,N2,Hsin,"$\partial X_1^B/\partial X_{0,B}$",X1B,X0_B,0.21559904351727122,0.34936432146723756,0.13376527794996634
var,Expanded DML + graph zero,N2,Hsin,"$\partial X_1^A/\partial X_{0,A}$",X1A,X0_A,0.30596475896867864,0.3620378515604405,0.05607309259176185
var,Expanded DML + graph zero,N2,Hsin,"$\partial X_1^B/\partial X_{0,B}$",X1B,X0_B,0.31864639172770653,0.34936432146723756,0.030717929739531025
var,Expanded DML,N2,Hsin,"$\partial X_1^A/\partial X_{0,A}$",X1A,X0_A,0.30596475896867864,0.3620378515604405,0.05607309259176185
var,Expanded DML,N2,Hsin,"$\partial X_1^B/\partial X_{0,B}$",X1B,X0_B,0.31864639172770653,0.34936432146723756,0.030717929739531025
var,Expanded DML + graph control,N3,Hsin,"$\partial X_1^A/\partial X_{0,A}$",X1A,X0_A,0.1710466133403628,0.3620378515604405,0.19099123822007769
var,Expanded DML + graph control,N3,Hsin,"$\partial X_1^B/\partial X_{0,B}$",X1B,X0_B,0.18651195113383767,0.34936432146723756,0.1628523703333999
var,Expanded DML + graph zero,N3,Hsin,"$\partial X_1^A/\partial X_{0,A}$",X1A,X0_A,0.304584509644084,0.3620378515604405,0.05745334191635648
var,Expanded DML + graph zero,N3,Hsin,"$\partial X_1^B/\partial X_{0,B}$",X1B,X0_B,0.31888158224360114,0.34936432146723756,0.030482739223636424
var,Expanded DML,N3,Hsin,"$\partial X_1^A/\partial X_{0,A}$",X1A,X0_A,0.304584509644084,0.3620378515604405,0.05745334191635648
var,Expanded DML,N3,Hsin,"$\partial X_1^B/\partial X_{0,B}$",X1B,X0_B,0.31888158224360114,0.34936432146723756,0.030482739223636424
var,Expanded DML + graph control,N1,Hstep,"$\partial X_1^A/\partial X_{0,A}$",X1A,X0_A,0.21085270799951716,0.3620378515604405,0.15118514356092333
var,Expanded DML + graph control,N1,Hstep,"$\partial X_1^B/\partial X_{0,B}$",X1B,X0_B,0.23180097865213445,0.34936432146723756,0.11756334281510311
var,Expanded DML + graph zero,N1,Hstep,"$\partial X_1^A/\partial X_{0,A}$",X1A,X0_A,0.3006503853242716,0.3620378515604405,0.06138746623616892
var,Expanded DML + graph zero,N1,Hstep,"$\partial X_1^B/\partial X_{0,B}$",X1B,X0_B,0.31265915981676295,0.34936432146723756,0.036705161650474605
var,Expanded DML,N1,Hstep,"$\partial X_1^A/\partial X_{0,A}$",X1A,X0_A,0.3006503853242716,0.3620378515604405,0.06138746623616892
var,Expanded DML,N1,Hstep,"$\partial X_1^B/\partial X_{0,B}$",X1B,X0_B,0.31265915981676295,0.34936432146723756,0.036705161650474605
var,Expanded DML + graph control,N2,Hstep,"$\partial X_1^A/\partial X_{0,A}$",X1A,X0_A,0.21390382019062587,0.3620378515604405,0.14813403136981462
var,Expanded DML + graph control,N2,Hstep,"$\partial X_1^B/\partial X_{0,B}$",X1B,X0_B,0.23535424480802128,0.34936432146723756,0.11401007665921628
var,Expanded DML + graph zero,N2,Hstep,"$\partial X_1^A/\partial X_{0,A}$",X1A,X0_A,0.3008034486145943,0.3620378515604405,0.0612344029458462
var,Expanded DML + graph zero,N2,Hstep,"$\partial X_1^B/\partial X_{0,B}$",X1B,X0_B,0.31383081813166386,0.34936432146723756,0.0355335033355737
var,Expanded DML,N2,Hstep,"$\partial X_1^A/\partial X_{0,A}$",X1A,X0_A,0.3008034486145943,0.3620378515604405,0.0612344029458462
var,Expanded DML,N2,Hstep,"$\partial X_1^B/\partial X_{0,B}$",X1B,X0_B,0.31383081813166386,0.34936432146723756,0.0355335033355737
var,Expanded DML + graph control,N3,Hstep,"$\partial X_1^A/\partial X_{0,A}$",X1A,X0_A,0.16036148096315095,0.3620378515604405,0.20167637059728954
var,Expanded DML + graph control,N3,Hstep,"$\partial X_1^B/\partial X_{0,B}$",X1B,X0_B,0.19816523164438105,0.34936432146723756,0.15119908982285651
var,Expanded DML + graph zero,N3,Hstep,"$\partial X_1^A/\partial X_{0,A}$",X1A,X0_A,0.3036215728344746,0.3620378515604405,0.05841627872596589
var,Expanded DML + graph zero,N3,Hstep,"$\partial X_1^B/\partial X_{0,B}$",X1B,X0_B,0.31243673852683684,0.34936432146723756,0.036927582940400716
var,Expanded DML,N3,Hstep,"$\partial X_1^A/\partial X_{0,A}$",X1A,X0_A,0.3036215728344746,0.3620378515604405,0.05841627872596589
var,Expanded DML,N3,Hstep,"$\partial X_1^B/\partial X_{0,B}$",X1B,X0_B,0.31243673852683684,0.34936432146723756,0.036927582940400716
var,Linear residual DML + graph control,N1,Hbrn,"$\partial X_1^A/\partial X_{0,A}$",X1A,X0_A,0.3132148118658697,0.3620378515604405,0.0488230396945708
var,Linear residual DML + graph control,N1,Hbrn,"$\partial X_1^B/\partial X_{0,B}$",X1B,X0_B,0.3024213153311941,0.34936432146723756,0.046943006136043464
var,Linear residual DML + graph zero,N1,Hbrn,"$\partial X_1^A/\partial X_{0,A}$",X1A,X0_A,0.35893658997083583,0.3620378515604405,0.0031012615896046647
var,Linear residual DML + graph zero,N1,Hbrn,"$\partial X_1^B/\partial X_{0,B}$",X1B,X0_B,0.3353911762012865,0.34936432146723756,0.013973145265951059
var,Linear residual DML,N1,Hbrn,"$\partial X_1^A/\partial X_{0,A}$",X1A,X0_A,0.35893658997083583,0.3620378515604405,0.0031012615896046647
var,Linear residual DML,N1,Hbrn,"$\partial X_1^B/\partial X_{0,B}$",X1B,X0_B,0.3353911762012865,0.34936432146723756,0.013973145265951059
var,Linear residual DML + graph control,N2,Hbrn,"$\partial X_1^A/\partial X_{0,A}$",X1A,X0_A,0.3150251591293915,0.3620378515604405,0.047012692431049
var,Linear residual DML + graph control,N2,Hbrn,"$\partial X_1^B/\partial X_{0,B}$",X1B,X0_B,0.3044457148468285,0.34936432146723756,0.044918606620409085
var,Linear residual DML + graph zero,N2,Hbrn,"$\partial X_1^A/\partial X_{0,A}$",X1A,X0_A,0.3589474853415669,0.3620378515604405,0.003090366218873597
var,Linear residual DML + graph zero,N2,Hbrn,"$\partial X_1^B/\partial X_{0,B}$",X1B,X0_B,0.33563928148175665,0.34936432146723756,0.013725039985480914
var,Linear residual DML,N2,Hbrn,"$\partial X_1^A/\partial X_{0,A}$",X1A,X0_A,0.3589474853415669,0.3620378515604405,0.003090366218873597
var,Linear residual DML,N2,Hbrn,"$\partial X_1^B/\partial X_{0,B}$",X1B,X0_B,0.33563928148175665,0.34936432146723756,0.013725039985480914
var,Linear residual DML + graph control,N3,Hbrn,"$\partial X_1^A/\partial X_{0,A}$",X1A,X0_A,0.20394419951165602,0.3620378515604405,0.15809365204878448
var,Linear residual DML + graph control,N3,Hbrn,"$\partial X_1^B/\partial X_{0,B}$",X1B,X0_B,0.18468506282842823,0.34936432146723756,0.16467925863880933
var,Linear residual DML + graph zero,N3,Hbrn,"$\partial X_1^A/\partial X_{0,A}$",X1A,X0_A,0.3518413900570604,0.3620378515604405,0.010196461503380105
var,Linear residual DML + graph zero,N3,Hbrn,"$\partial X_1^B/\partial X_{0,B}$",X1B,X0_B,0.3364090608499081,0.34936432146723756,0.012955260617329434
var,Linear residual DML,N3,Hbrn,"$\partial X_1^A/\partial X_{0,A}$",X1A,X0_A,0.3518413900570604,0.3620378515604405,0.010196461503380105
var,Linear residual DML,N3,Hbrn,"$\partial X_1^B/\partial X_{0,B}$",X1B,X0_B,0.3364090608499081,0.34936432146723756,0.012955260617329434
var,Linear residual DML + graph control,N1,Hdec,"$\partial X_1^A/\partial X_{0,A}$",X1A,X0_A,0.2881655753688766,0.3620378515604405,0.07387227619156389
var,Linear residual DML + graph control,N1,Hdec,"$\partial X_1^B/\partial X_{0,B}$",X1B,X0_B,0.2400922263061397,0.34936432146723756,0.10927209516109787
var,Linear residual DML + graph zero,N1,Hdec,"$\partial X_1^A/\partial X_{0,A}$",X1A,X0_A,0.3578277403966544,0.3620378515604405,0.004210111163786112
var,Linear residual DML + graph zero,N1,Hdec,"$\partial X_1^B/\partial X_{0,B}$",X1B,X0_B,0.3344097913903265,0.34936432146723756,0.014954530076911055
var,Linear residual DML,N1,Hdec,"$\partial X_1^A/\partial X_{0,A}$",X1A,X0_A,0.3578277403966544,0.3620378515604405,0.004210111163786112
var,Linear residual DML,N1,Hdec,"$\partial X_1^B/\partial X_{0,B}$",X1B,X0_B,0.3344097913903265,0.34936432146723756,0.014954530076911055
var,Linear residual DML + graph control,N2,Hdec,"$\partial X_1^A/\partial X_{0,A}$",X1A,X0_A,0.28887602964285625,0.3620378515604405,0.07316182191758425
var,Linear residual DML + graph control,N2,Hdec,"$\partial X_1^B/\partial X_{0,B}$",X1B,X0_B,0.239643816297633,0.34936432146723756,0.10972050516960455
var,Linear residual DML + graph zero,N2,Hdec,"$\partial X_1^A/\partial X_{0,A}$",X1A,X0_A,0.35764126973982496,0.3620378515604405,0.0043965818206155305
var,Linear residual DML + graph zero,N2,Hdec,"$\partial X_1^B/\partial X_{0,B}$",X1B,X0_B,0.33337147411309387,0.34936432146723756,0.01599284735414369
var,Linear residual DML,N2,Hdec,"$\partial X_1^A/\partial X_{0,A}$",X1A,X0_A,0.35764126973982496,0.3620378515604405,0.0043965818206155305
var,Linear residual DML,N2,Hdec,"$\partial X_1^B/\partial X_{0,B}$",X1B,X0_B,0.33337147411309387,0.34936432146723756,0.01599284735414369
var,Linear residual DML + graph control,N3,Hdec,"$\partial X_1^A/\partial X_{0,A}$",X1A,X0_A,0.19014117973881886,0.3620378515604405,0.17189667182162163
var,Linear residual DML + graph control,N3,Hdec,"$\partial X_1^B/\partial X_{0,B}$",X1B,X0_B,0.16571291935913807,0.34936432146723756,0.1836514021080995
var,Linear residual DML + graph zero,N3,Hdec,"$\partial X_1^A/\partial X_{0,A}$",X1A,X0_A,0.35103939318511507,0.3620378515604405,0.010998458375325426
var,Linear residual DML + graph zero,N3,Hdec,"$\partial X_1^B/\partial X_{0,B}$",X1B,X0_B,0.33461836519255517,0.34936432146723756,0.014745956274682392
var,Linear residual DML,N3,Hdec,"$\partial X_1^A/\partial X_{0,A}$",X1A,X0_A,0.35103939318511507,0.3620378515604405,0.010998458375325426
var,Linear residual DML,N3,Hdec,"$\partial X_1^B/\partial X_{0,B}$",X1B,X0_B,0.33461836519255517,0.34936432146723756,0.014745956274682392
var,Linear residual DML + graph control,N1,Hprbs,"$\partial X_1^A/\partial X_{0,A}$",X1A,X0_A,0.27134544599012184,0.3620378515604405,0.09069240557031866
var,Linear residual DML + graph control,N1,Hprbs,"$\partial X_1^B/\partial X_{0,B}$",X1B,X0_B,0.2520461336980767,0.34936432146723756,0.09731818776916085
var,Linear residual DML + graph zero,N1,Hprbs,"$\partial X_1^A/\partial X_{0,A}$",X1A,X0_A,0.3586319629434202,0.3620378515604405,0.0034058886170202918
var,Linear residual DML + graph zero,N1,Hprbs,"$\partial X_1^B/\partial X_{0,B}$",X1B,X0_B,0.3342840907204161,0.34936432146723756,0.015080230746821466
var,Linear residual DML,N1,Hprbs,"$\partial X_1^A/\partial X_{0,A}$",X1A,X0_A,0.3586319629434202,0.3620378515604405,0.0034058886170202918
var,Linear residual DML,N1,Hprbs,"$\partial X_1^B/\partial X_{0,B}$",X1B,X0_B,0.3342840907204161,0.34936432146723756,0.015080230746821466
var,Linear residual DML + graph control,N2,Hprbs,"$\partial X_1^A/\partial X_{0,A}$",X1A,X0_A,0.27198369639277997,0.3620378515604405,0.09005415516766052
var,Linear residual DML + graph control,N2,Hprbs,"$\partial X_1^B/\partial X_{0,B}$",X1B,X0_B,0.2516194283215794,0.34936432146723756,0.09774489314565815
var,Linear residual DML + graph zero,N2,Hprbs,"$\partial X_1^A/\partial X_{0,A}$",X1A,X0_A,0.35824163922280267,0.3620378515604405,0.0037962123376378276
var,Linear residual DML + graph zero,N2,Hprbs,"$\partial X_1^B/\partial X_{0,B}$",X1B,X0_B,0.33482162130674864,0.34936432146723756,0.01454270016048892
var,Linear residual DML,N2,Hprbs,"$\partial X_1^A/\partial X_{0,A}$",X1A,X0_A,0.35824163922280267,0.3620378515604405,0.0037962123376378276
var,Linear residual DML,N2,Hprbs,"$\partial X_1^B/\partial X_{0,B}$",X1B,X0_B,0.33482162130674864,0.34936432146723756,0.01454270016048892
var,Linear residual DML + graph control,N3,Hprbs,"$\partial X_1^A/\partial X_{0,A}$",X1A,X0_A,0.16717395164271362,0.3620378515604405,0.19486389991772687
var,Linear residual DML + graph control,N3,Hprbs,"$\partial X_1^B/\partial X_{0,B}$",X1B,X0_B,0.14180543388386094,0.34936432146723756,0.20755888758337662
var,Linear residual DML + graph zero,N3,Hprbs,"$\partial X_1^A/\partial X_{0,A}$",X1A,X0_A,0.35194024239249433,0.3620378515604405,0.010097609167946164
var,Linear residual DML + graph zero,N3,Hprbs,"$\partial X_1^B/\partial X_{0,B}$",X1B,X0_B,0.33381843254371046,0.34936432146723756,0.015545888923527096
var,Linear residual DML,N3,Hprbs,"$\partial X_1^A/\partial X_{0,A}$",X1A,X0_A,0.35194024239249433,0.3620378515604405,0.010097609167946164
var,Linear residual DML,N3,Hprbs,"$\partial X_1^B/\partial X_{0,B}$",X1B,X0_B,0.33381843254371046,0.34936432146723756,0.015545888923527096
var,Linear residual DML + graph control,N1,Hsin,"$\partial X_1^A/\partial X_{0,A}$",X1A,X0_A,0.2771026816154954,0.3620378515604405,0.0849351699449451
var,Linear residual DML + graph control,N1,Hsin,"$\partial X_1^B/\partial X_{0,B}$",X1B,X0_B,0.24523813488169327,0.34936432146723756,0.10412618658554429
var,Linear residual DML + graph zero,N1,Hsin,"$\partial X_1^A/\partial X_{0,A}$",X1A,X0_A,0.3585897511430342,0.3620378515604405,0.0034481004174062857
var,Linear residual DML + graph zero,N1,Hsin,"$\partial X_1^B/\partial X_{0,B}$",X1B,X0_B,0.336462425170521,0.34936432146723756,0.012901896296716564
var,Linear residual DML,N1,Hsin,"$\partial X_1^A/\partial X_{0,A}$",X1A,X0_A,0.3585897511430342,0.3620378515604405,0.0034481004174062857
var,Linear residual DML,N1,Hsin,"$\partial X_1^B/\partial X_{0,B}$",X1B,X0_B,0.336462425170521,0.34936432146723756,0.012901896296716564
var,Linear residual DML + graph control,N2,Hsin,"$\partial X_1^A/\partial X_{0,A}$",X1A,X0_A,0.2767454358687607,0.3620378515604405,0.08529241569167978
var,Linear residual DML + graph control,N2,Hsin,"$\partial X_1^B/\partial X_{0,B}$",X1B,X0_B,0.24544699774250264,0.34936432146723756,0.10391732372473492
var,Linear residual DML + graph zero,N2,Hsin,"$\partial X_1^A/\partial X_{0,A}$",X1A,X0_A,0.3577385662380056,0.3620378515604405,0.004299285322434898
var,Linear residual DML + graph zero,N2,Hsin,"$\partial X_1^B/\partial X_{0,B}$",X1B,X0_B,0.3359629442929103,0.34936432146723756,0.013401377174327267
var,Linear residual DML,N2,Hsin,"$\partial X_1^A/\partial X_{0,A}$",X1A,X0_A,0.3577385662380056,0.3620378515604405,0.004299285322434898
var,Linear residual DML,N2,Hsin,"$\partial X_1^B/\partial X_{0,B}$",X1B,X0_B,0.3359629442929103,0.34936432146723756,0.013401377174327267
var,Linear residual DML + graph control,N3,Hsin,"$\partial X_1^A/\partial X_{0,A}$",X1A,X0_A,0.16844631512443495,0.3620378515604405,0.19359153643600555
var,Linear residual DML + graph control,N3,Hsin,"$\partial X_1^B/\partial X_{0,B}$",X1B,X0_B,0.1391444514277889,0.34936432146723756,0.21021987003944867
var,Linear residual DML + graph zero,N3,Hsin,"$\partial X_1^A/\partial X_{0,A}$",X1A,X0_A,0.3518450776727945,0.3620378515604405,0.010192773887646
var,Linear residual DML + graph zero,N3,Hsin,"$\partial X_1^B/\partial X_{0,B}$",X1B,X0_B,0.3358006281290663,0.34936432146723756,0.013563693338171257
var,Linear residual DML,N3,Hsin,"$\partial X_1^A/\partial X_{0,A}$",X1A,X0_A,0.3518450776727945,0.3620378515604405,0.010192773887646
var,Linear residual DML,N3,Hsin,"$\partial X_1^B/\partial X_{0,B}$",X1B,X0_B,0.3358006281290663,0.34936432146723756,0.013563693338171257
var,Linear residual DML + graph control,N1,Hstep,"$\partial X_1^A/\partial X_{0,A}$",X1A,X0_A,0.2980811216162228,0.3620378515604405,0.0639567299442177
var,Linear residual DML + graph control,N1,Hstep,"$\partial X_1^B/\partial X_{0,B}$",X1B,X0_B,0.2675968064391603,0.34936432146723756,0.08176751502807728
var,Linear residual DML + graph zero,N1,Hstep,"$\partial X_1^A/\partial X_{0,A}$",X1A,X0_A,0.36327425820992293,0.3620378515604405,0.0012364066494824355
var,Linear residual DML + graph zero,N1,Hstep,"$\partial X_1^B/\partial X_{0,B}$",X1B,X0_B,0.3340262862720638,0.34936432146723756,0.015338035195173738
var,Linear residual DML,N1,Hstep,"$\partial X_1^A/\partial X_{0,A}$",X1A,X0_A,0.36327425820992293,0.3620378515604405,0.0012364066494824355
var,Linear residual DML,N1,Hstep,"$\partial X_1^B/\partial X_{0,B}$",X1B,X0_B,0.3340262862720638,0.34936432146723756,0.015338035195173738
var,Linear residual DML + graph control,N2,Hstep,"$\partial X_1^A/\partial X_{0,A}$",X1A,X0_A,0.3018639030522429,0.3620378515604405,0.06017394850819757
var,Linear residual DML + graph control,N2,Hstep,"$\partial X_1^B/\partial X_{0,B}$",X1B,X0_B,0.2696563049801763,0.34936432146723756,0.07970801648706127
var,Linear residual DML + graph zero,N2,Hstep,"$\partial X_1^A/\partial X_{0,A}$",X1A,X0_A,0.36299335646518405,0.3620378515604405,0.0009555049047435538
var,Linear residual DML + graph zero,N2,Hstep,"$\partial X_1^B/\partial X_{0,B}$",X1B,X0_B,0.3339877514906534,0.34936432146723756,0.015376569976584153
var,Linear residual DML,N2,Hstep,"$\partial X_1^A/\partial X_{0,A}$",X1A,X0_A,0.36299335646518405,0.3620378515604405,0.0009555049047435538
var,Linear residual DML,N2,Hstep,"$\partial X_1^B/\partial X_{0,B}$",X1B,X0_B,0.3339877514906534,0.34936432146723756,0.015376569976584153
var,Linear residual DML + graph control,N3,Hstep,"$\partial X_1^A/\partial X_{0,A}$",X1A,X0_A,0.20240012110988245,0.3620378515604405,0.15963773045055804
var,Linear residual DML + graph control,N3,Hstep,"$\partial X_1^B/\partial X_{0,B}$",X1B,X0_B,0.16293244488726275,0.34936432146723756,0.18643187657997481
var,Linear residual DML + graph zero,N3,Hstep,"$\partial X_1^A/\partial X_{0,A}$",X1A,X0_A,0.3559333959980733,0.3620378515604405,0.006104455562367217
var,Linear residual DML + graph zero,N3,Hstep,"$\partial X_1^B/\partial X_{0,B}$",X1B,X0_B,0.333508046121628,0.34936432146723756,0.015856275345609572
var,Linear residual DML,N3,Hstep,"$\partial X_1^A/\partial X_{0,A}$",X1A,X0_A,0.3559333959980733,0.3620378515604405,0.006104455562367217
var,Linear residual DML,N3,Hstep,"$\partial X_1^B/\partial X_{0,B}$",X1B,X0_B,0.333508046121628,0.34936432146723756,0.015856275345609572
var,Expanded LSE + graph control,N1,Hbrn,"$\partial X_1^A/\partial X_{0,A}$",X1A,X0_A,0.07301467691871097,0.3620378515604405,0.28902317464172955
var,Expanded LSE + graph control,N1,Hbrn,"$\partial X_1^B/\partial X_{0,B}$",X1B,X0_B,6.989460531648873,0.34936432146723756,6.640096210181635
var,Expanded LSE + graph zero,N1,Hbrn,"$\partial X_1^A/\partial X_{0,A}$",X1A,X0_A,0.07301467691874255,0.3620378515604405,0.2890231746416979
var,Expanded LSE + graph zero,N1,Hbrn,"$\partial X_1^B/\partial X_{0,B}$",X1B,X0_B,6.9894605316478104,0.34936432146723756,6.640096210180573
var,Expanded LSE,N1,Hbrn,"$\partial X_1^A/\partial X_{0,A}$",X1A,X0_A,0.07301467691874255,0.3620378515604405,0.2890231746416979
var,Expanded LSE,N1,Hbrn,"$\partial X_1^B/\partial X_{0,B}$",X1B,X0_B,6.9894605316478104,0.34936432146723756,6.640096210180573
var,Expanded LSE + graph control,N2,Hbrn,"$\partial X_1^A/\partial X_{0,A}$",X1A,X0_A,0.17545373303900022,0.3620378515604405,0.18658411852144027
var,Expanded LSE + graph control,N2,Hbrn,"$\partial X_1^B/\partial X_{0,B}$",X1B,X0_B,6.6306262065156485,0.34936432146723756,6.281261885048411
var,Expanded LSE + graph zero,N2,Hbrn,"$\partial X_1^A/\partial X_{0,A}$",X1A,X0_A,0.17545373303898124,0.3620378515604405,0.18658411852145926
var,Expanded LSE + graph zero,N2,Hbrn,"$\partial X_1^B/\partial X_{0,B}$",X1B,X0_B,6.630626206522033,0.34936432146723756,6.281261885054795
var,Expanded LSE,N2,Hbrn,"$\partial X_1^A/\partial X_{0,A}$",X1A,X0_A,0.17545373303898124,0.3620378515604405,0.18658411852145926
var,Expanded LSE,N2,Hbrn,"$\partial X_1^B/\partial X_{0,B}$",X1B,X0_B,6.630626206522033,0.34936432146723756,6.281261885054795
var,Expanded LSE + graph control,N3,Hbrn,"$\partial X_1^A/\partial X_{0,A}$",X1A,X0_A,0.33991927915948383,0.3620378515604405,0.02211857240095666
var,Expanded LSE + graph control,N3,Hbrn,"$\partial X_1^B/\partial X_{0,B}$",X1B,X0_B,1.0919049830973786,0.34936432146723756,0.7425406616301411
var,Expanded LSE + graph zero,N3,Hbrn,"$\partial X_1^A/\partial X_{0,A}$",X1A,X0_A,0.33991927915948944,0.3620378515604405,0.022118572400951053
var,Expanded LSE + graph zero,N3,Hbrn,"$\partial X_1^B/\partial X_{0,B}$",X1B,X0_B,1.0919049830974061,0.34936432146723756,0.7425406616301686
var,Expanded LSE,N3,Hbrn,"$\partial X_1^A/\partial X_{0,A}$",X1A,X0_A,0.33991927915948944,0.3620378515604405,0.022118572400951053
var,Expanded LSE,N3,Hbrn,"$\partial X_1^B/\partial X_{0,B}$",X1B,X0_B,1.0919049830974061,0.34936432146723756,0.7425406616301686
var,Expanded LSE + graph control,N1,Hdec,"$\partial X_1^A/\partial X_{0,A}$",X1A,X0_A,0.1601183315448327,0.3620378515604405,0.20191952001560778
var,Expanded LSE + graph control,N1,Hdec,"$\partial X_1^B/\partial X_{0,B}$",X1B,X0_B,5.727872938096496,0.34936432146723756,5.378508616629259
var,Expanded LSE + graph zero,N1,Hdec,"$\partial X_1^A/\partial X_{0,A}$",X1A,X0_A,0.16011833154481914,0.3620378515604405,0.20191952001562136
var,Expanded LSE + graph zero,N1,Hdec,"$\partial X_1^B/\partial X_{0,B}$",X1B,X0_B,5.7278729380954365,0.34936432146723756,5.378508616628199
var,Expanded LSE,N1,Hdec,"$\partial X_1^A/\partial X_{0,A}$",X1A,X0_A,0.16011833154481914,0.3620378515604405,0.20191952001562136
var,Expanded LSE,N1,Hdec,"$\partial X_1^B/\partial X_{0,B}$",X1B,X0_B,5.7278729380954365,0.34936432146723756,5.378508616628199
var,Expanded LSE + graph control,N2,Hdec,"$\partial X_1^A/\partial X_{0,A}$",X1A,X0_A,0.12095846750639455,0.3620378515604405,0.24107938405404594
var,Expanded LSE + graph control,N2,Hdec,"$\partial X_1^B/\partial X_{0,B}$",X1B,X0_B,7.009752089815552,0.34936432146723756,6.660387768348315
var,Expanded LSE + graph zero,N2,Hdec,"$\partial X_1^A/\partial X_{0,A}$",X1A,X0_A,0.12095846750637157,0.3620378515604405,0.24107938405406892
var,Expanded LSE + graph zero,N2,Hdec,"$\partial X_1^B/\partial X_{0,B}$",X1B,X0_B,7.009752089818289,0.34936432146723756,6.660387768351051
var,Expanded LSE,N2,Hdec,"$\partial X_1^A/\partial X_{0,A}$",X1A,X0_A,0.12095846750637157,0.3620378515604405,0.24107938405406892
var,Expanded LSE,N2,Hdec,"$\partial X_1^B/\partial X_{0,B}$",X1B,X0_B,7.009752089818289,0.34936432146723756,6.660387768351051
var,Expanded LSE + graph control,N3,Hdec,"$\partial X_1^A/\partial X_{0,A}$",X1A,X0_A,0.36181192038941223,0.3620378515604405,0.00022593117102825966
var,Expanded LSE + graph control,N3,Hdec,"$\partial X_1^B/\partial X_{0,B}$",X1B,X0_B,0.6576115405494051,0.34936432146723756,0.3082472190821675
var,Expanded LSE + graph zero,N3,Hdec,"$\partial X_1^A/\partial X_{0,A}$",X1A,X0_A,0.3618119203894126,0.3620378515604405,0.00022593117102787108
var,Expanded LSE + graph zero,N3,Hdec,"$\partial X_1^B/\partial X_{0,B}$",X1B,X0_B,0.657611540549422,0.34936432146723756,0.3082472190821844
var,Expanded LSE,N3,Hdec,"$\partial X_1^A/\partial X_{0,A}$",X1A,X0_A,0.3618119203894126,0.3620378515604405,0.00022593117102787108
var,Expanded LSE,N3,Hdec,"$\partial X_1^B/\partial X_{0,B}$",X1B,X0_B,0.657611540549422,0.34936432146723756,0.3082472190821844
var,Expanded LSE + graph control,N1,Hprbs,"$\partial X_1^A/\partial X_{0,A}$",X1A,X0_A,0.17595550645007552,0.3620378515604405,0.18608234511036498
var,Expanded LSE + graph control,N1,Hprbs,"$\partial X_1^B/\partial X_{0,B}$",X1B,X0_B,-20.73635816580835,0.34936432146723756,21.08572248727559
var,Expanded LSE + graph zero,N1,Hprbs,"$\partial X_1^A/\partial X_{0,A}$",X1A,X0_A,0.1759555064500839,0.3620378515604405,0.1860823451103566
var,Expanded LSE + graph zero,N1,Hprbs,"$\partial X_1^B/\partial X_{0,B}$",X1B,X0_B,-20.736358165808383,0.34936432146723756,21.08572248727562
var,Expanded LSE,N1,Hprbs,"$\partial X_1^A/\partial X_{0,A}$",X1A,X0_A,0.1759555064500839,0.3620378515604405,0.1860823451103566
var,Expanded LSE,N1,Hprbs,"$\partial X_1^B/\partial X_{0,B}$",X1B,X0_B,-20.736358165808383,0.34936432146723756,21.08572248727562
var,Expanded LSE + graph control,N2,Hprbs,"$\partial X_1^A/\partial X_{0,A}$",X1A,X0_A,0.08480742947647599,0.3620378515604405,0.27723042208396453
var,Expanded LSE + graph control,N2,Hprbs,"$\partial X_1^B/\partial X_{0,B}$",X1B,X0_B,-13.331003024003888,0.34936432146723756,13.680367345471126
var,Expanded LSE + graph zero,N2,Hprbs,"$\partial X_1^A/\partial X_{0,A}$",X1A,X0_A,0.08480742947644163,0.3620378515604405,0.27723042208399884
var,Expanded LSE + graph zero,N2,Hprbs,"$\partial X_1^B/\partial X_{0,B}$",X1B,X0_B,-13.331003024007725,0.34936432146723756,13.680367345474963
var,Expanded LSE,N2,Hprbs,"$\partial X_1^A/\partial X_{0,A}$",X1A,X0_A,0.08480742947644163,0.3620378515604405,0.27723042208399884
var,Expanded LSE,N2,Hprbs,"$\partial X_1^B/\partial X_{0,B}$",X1B,X0_B,-13.331003024007725,0.34936432146723756,13.680367345474963
var,Expanded LSE + graph control,N3,Hprbs,"$\partial X_1^A/\partial X_{0,A}$",X1A,X0_A,0.37793169801269216,0.3620378515604405,0.01589384645225167
var,Expanded LSE + graph control,N3,Hprbs,"$\partial X_1^B/\partial X_{0,B}$",X1B,X0_B,-28.493704409285506,0.34936432146723756,28.843068730752744
var,Expanded LSE + graph zero,N3,Hprbs,"$\partial X_1^A/\partial X_{0,A}$",X1A,X0_A,0.377931698012696,0.3620378515604405,0.0158938464522555
var,Expanded LSE + graph zero,N3,Hprbs,"$\partial X_1^B/\partial X_{0,B}$",X1B,X0_B,-28.493704409296242,0.34936432146723756,28.84306873076348
var,Expanded LSE,N3,Hprbs,"$\partial X_1^A/\partial X_{0,A}$",X1A,X0_A,0.377931698012696,0.3620378515604405,0.0158938464522555
var,Expanded LSE,N3,Hprbs,"$\partial X_1^B/\partial X_{0,B}$",X1B,X0_B,-28.493704409296242,0.34936432146723756,28.84306873076348
var,Expanded LSE + graph control,N1,Hsin,"$\partial X_1^A/\partial X_{0,A}$",X1A,X0_A,0.4514543509424292,0.3620378515604405,0.0894164993819887
var,Expanded LSE + graph control,N1,Hsin,"$\partial X_1^B/\partial X_{0,B}$",X1B,X0_B,4.5228549531059565,0.34936432146723756,4.173490631638719
var,Expanded LSE + graph zero,N1,Hsin,"$\partial X_1^A/\partial X_{0,A}$",X1A,X0_A,0.45145435094241204,0.3620378515604405,0.08941649938197155
var,Expanded LSE + graph zero,N1,Hsin,"$\partial X_1^B/\partial X_{0,B}$",X1B,X0_B,4.522854953106571,0.34936432146723756,4.173490631639334
var,Expanded LSE,N1,Hsin,"$\partial X_1^A/\partial X_{0,A}$",X1A,X0_A,0.45145435094241204,0.3620378515604405,0.08941649938197155
var,Expanded LSE,N1,Hsin,"$\partial X_1^B/\partial X_{0,B}$",X1B,X0_B,4.522854953106571,0.34936432146723756,4.173490631639334
var,Expanded LSE + graph control,N2,Hsin,"$\partial X_1^A/\partial X_{0,A}$",X1A,X0_A,0.31078447678756205,0.3620378515604405,0.051253374772878446
var,Expanded LSE + graph control,N2,Hsin,"$\partial X_1^B/\partial X_{0,B}$",X1B,X0_B,5.8176508163899046,0.34936432146723756,5.468286494922667
var,Expanded LSE + graph zero,N2,Hsin,"$\partial X_1^A/\partial X_{0,A}$",X1A,X0_A,0.31078447678752685,0.3620378515604405,0.05125337477291364
var,Expanded LSE + graph zero,N2,Hsin,"$\partial X_1^B/\partial X_{0,B}$",X1B,X0_B,5.817650816381648,0.34936432146723756,5.468286494914411
var,Expanded LSE,N2,Hsin,"$\partial X_1^A/\partial X_{0,A}$",X1A,X0_A,0.31078447678752685,0.3620378515604405,0.05125337477291364
var,Expanded LSE,N2,Hsin,"$\partial X_1^B/\partial X_{0,B}$",X1B,X0_B,5.817650816381648,0.34936432146723756,5.468286494914411
var,Expanded LSE + graph control,N3,Hsin,"$\partial X_1^A/\partial X_{0,A}$",X1A,X0_A,0.4566653071380765,0.3620378515604405,0.09462745557763602
var,Expanded LSE + graph control,N3,Hsin,"$\partial X_1^B/\partial X_{0,B}$",X1B,X0_B,-1.4935620915501175,0.34936432146723756,1.842926413017355
var,Expanded LSE + graph zero,N3,Hsin,"$\partial X_1^A/\partial X_{0,A}$",X1A,X0_A,0.45666530713807746,0.3620378515604405,0.09462745557763697
var,Expanded LSE + graph zero,N3,Hsin,"$\partial X_1^B/\partial X_{0,B}$",X1B,X0_B,-1.4935620915501104,0.34936432146723756,1.842926413017348
var,Expanded LSE,N3,Hsin,"$\partial X_1^A/\partial X_{0,A}$",X1A,X0_A,0.45666530713807746,0.3620378515604405,0.09462745557763697
var,Expanded LSE,N3,Hsin,"$\partial X_1^B/\partial X_{0,B}$",X1B,X0_B,-1.4935620915501104,0.34936432146723756,1.842926413017348
var,Expanded LSE + graph control,N1,Hstep,"$\partial X_1^A/\partial X_{0,A}$",X1A,X0_A,0.15783911120626445,0.3620378515604405,0.20419874035417604
var,Expanded LSE + graph control,N1,Hstep,"$\partial X_1^B/\partial X_{0,B}$",X1B,X0_B,7.907457020529177,0.34936432146723756,7.55809269906194
var,Expanded LSE + graph zero,N1,Hstep,"$\partial X_1^A/\partial X_{0,A}$",X1A,X0_A,0.15783911120626604,0.3620378515604405,0.20419874035417446
var,Expanded LSE + graph zero,N1,Hstep,"$\partial X_1^B/\partial X_{0,B}$",X1B,X0_B,7.907457020527875,0.34936432146723756,7.558092699060638
var,Expanded LSE,N1,Hstep,"$\partial X_1^A/\partial X_{0,A}$",X1A,X0_A,0.15783911120626604,0.3620378515604405,0.20419874035417446
var,Expanded LSE,N1,Hstep,"$\partial X_1^B/\partial X_{0,B}$",X1B,X0_B,7.907457020527875,0.34936432146723756,7.558092699060638
var,Expanded LSE + graph control,N2,Hstep,"$\partial X_1^A/\partial X_{0,A}$",X1A,X0_A,0.06559015712659763,0.3620378515604405,0.2964476944338429
var,Expanded LSE + graph control,N2,Hstep,"$\partial X_1^B/\partial X_{0,B}$",X1B,X0_B,6.927866250620528,0.34936432146723756,6.5785019291532905
var,Expanded LSE + graph zero,N2,Hstep,"$\partial X_1^A/\partial X_{0,A}$",X1A,X0_A,0.06559015712660271,0.3620378515604405,0.2964476944338378
var,Expanded LSE + graph zero,N2,Hstep,"$\partial X_1^B/\partial X_{0,B}$",X1B,X0_B,6.927866250616582,0.34936432146723756,6.578501929149344
var,Expanded LSE,N2,Hstep,"$\partial X_1^A/\partial X_{0,A}$",X1A,X0_A,0.06559015712660271,0.3620378515604405,0.2964476944338378
var,Expanded LSE,N2,Hstep,"$\partial X_1^B/\partial X_{0,B}$",X1B,X0_B,6.927866250616582,0.34936432146723756,6.578501929149344
var,Expanded LSE + graph control,N3,Hstep,"$\partial X_1^A/\partial X_{0,A}$",X1A,X0_A,0.35769320118131015,0.3620378515604405,0.004344650379130344
var,Expanded LSE + graph control,N3,Hstep,"$\partial X_1^B/\partial X_{0,B}$",X1B,X0_B,0.5771752669393766,0.34936432146723756,0.22781094547213904
var,Expanded LSE + graph zero,N3,Hstep,"$\partial X_1^A/\partial X_{0,A}$",X1A,X0_A,0.35769320118131154,0.3620378515604405,0.004344650379128956
var,Expanded LSE + graph zero,N3,Hstep,"$\partial X_1^B/\partial X_{0,B}$",X1B,X0_B,0.5771752669393745,0.34936432146723756,0.22781094547213693
var,Expanded LSE,N3,Hstep,"$\partial X_1^A/\partial X_{0,A}$",X1A,X0_A,0.35769320118131154,0.3620378515604405,0.004344650379128956
var,Expanded LSE,N3,Hstep,"$\partial X_1^B/\partial X_{0,B}$",X1B,X0_B,0.5771752669393745,0.34936432146723756,0.22781094547213693
var,Average LSE + graph control,N1,Hbrn,"$\partial X_1^A/\partial X_{0,A}$",X1A,X0_A,0.32743103921514355,0.3620378515604405,0.034606812345296944
var,Average LSE + graph control,N1,Hbrn,"$\partial X_1^B/\partial X_{0,B}$",X1B,X0_B,0.31348140665982926,0.34936432146723756,0.035882914807408295
var,Average LSE + graph zero,N1,Hbrn,"$\partial X_1^A/\partial X_{0,A}$",X1A,X0_A,0.29311222140521676,0.3620378515604405,0.06892563015522374
var,Average LSE + graph zero,N1,Hbrn,"$\partial X_1^B/\partial X_{0,B}$",X1B,X0_B,6.577567922752378,0.34936432146723756,6.2282036012851405
var,Average LSE,N1,Hbrn,"$\partial X_1^A/\partial X_{0,A}$",X1A,X0_A,0.29311222140521676,0.3620378515604405,0.06892563015522374
var,Average LSE,N1,Hbrn,"$\partial X_1^B/\partial X_{0,B}$",X1B,X0_B,6.577567922752378,0.34936432146723756,6.2282036012851405
var,Average LSE + graph control,N2,Hbrn,"$\partial X_1^A/\partial X_{0,A}$",X1A,X0_A,0.326623275283594,0.3620378515604405,0.03541457627684652
var,Average LSE + graph control,N2,Hbrn,"$\partial X_1^B/\partial X_{0,B}$",X1B,X0_B,0.31077857035286544,0.34936432146723756,0.038585751114372124
var,Average LSE + graph zero,N2,Hbrn,"$\partial X_1^A/\partial X_{0,A}$",X1A,X0_A,0.3298272531237062,0.3620378515604405,0.032210598436734295
var,Average LSE + graph zero,N2,Hbrn,"$\partial X_1^B/\partial X_{0,B}$",X1B,X0_B,7.0125852524678916,0.34936432146723756,6.663220931000654
var,Average LSE,N2,Hbrn,"$\partial X_1^A/\partial X_{0,A}$",X1A,X0_A,0.3298272531237062,0.3620378515604405,0.032210598436734295
var,Average LSE,N2,Hbrn,"$\partial X_1^B/\partial X_{0,B}$",X1B,X0_B,7.0125852524678916,0.34936432146723756,6.663220931000654
var,Average LSE + graph control,N3,Hbrn,"$\partial X_1^A/\partial X_{0,A}$",X1A,X0_A,0.35267115153731904,0.3620378515604405,0.009366700023121455
var,Average LSE + graph control,N3,Hbrn,"$\partial X_1^B/\partial X_{0,B}$",X1B,X0_B,0.3396525438791275,0.34936432146723756,0.009711777588110038
var,Average LSE + graph zero,N3,Hbrn,"$\partial X_1^A/\partial X_{0,A}$",X1A,X0_A,0.341771324880087,0.3620378515604405,0.020266526680353503
var,Average LSE + graph zero,N3,Hbrn,"$\partial X_1^B/\partial X_{0,B}$",X1B,X0_B,1.024149477149956,0.34936432146723756,0.6747851556827185
var,Average LSE,N3,Hbrn,"$\partial X_1^A/\partial X_{0,A}$",X1A,X0_A,0.341771324880087,0.3620378515604405,0.020266526680353503
var,Average LSE,N3,Hbrn,"$\partial X_1^B/\partial X_{0,B}$",X1B,X0_B,1.024149477149956,0.34936432146723756,0.6747851556827185
var,Average LSE + graph control,N1,Hdec,"$\partial X_1^A/\partial X_{0,A}$",X1A,X0_A,0.3351872557196258,0.3620378515604405,0.026850595840814673
var,Average LSE + graph control,N1,Hdec,"$\partial X_1^B/\partial X_{0,B}$",X1B,X0_B,0.31872290575369533,0.34936432146723756,0.03064141571354223
var,Average LSE + graph zero,N1,Hdec,"$\partial X_1^A/\partial X_{0,A}$",X1A,X0_A,0.31188690425167453,0.3620378515604405,0.05015094730876596
var,Average LSE + graph zero,N1,Hdec,"$\partial X_1^B/\partial X_{0,B}$",X1B,X0_B,6.182297234779933,0.34936432146723756,5.832932913312696
var,Average LSE,N1,Hdec,"$\partial X_1^A/\partial X_{0,A}$",X1A,X0_A,0.31188690425167453,0.3620378515604405,0.05015094730876596
var,Average LSE,N1,Hdec,"$\partial X_1^B/\partial X_{0,B}$",X1B,X0_B,6.182297234779933,0.34936432146723756,5.832932913312696
var,Average LSE + graph control,N2,Hdec,"$\partial X_1^A/\partial X_{0,A}$",X1A,X0_A,0.32972234326097183,0.3620378515604405,0.032315508299468665
var,Average LSE + graph control,N2,Hdec,"$\partial X_1^B/\partial X_{0,B}$",X1B,X0_B,0.32336925039848224,0.34936432146723756,0.025995071068755315
var,Average LSE + graph zero,N2,Hdec,"$\partial X_1^A/\partial X_{0,A}$",X1A,X0_A,0.3039575868543726,0.3620378515604405,0.05808026470606792
var,Average LSE + graph zero,N2,Hdec,"$\partial X_1^B/\partial X_{0,B}$",X1B,X0_B,7.048757529610622,0.34936432146723756,6.699393208143385
var,Average LSE,N2,Hdec,"$\partial X_1^A/\partial X_{0,A}$",X1A,X0_A,0.3039575868543726,0.3620378515604405,0.05808026470606792
var,Average LSE,N2,Hdec,"$\partial X_1^B/\partial X_{0,B}$",X1B,X0_B,7.048757529610622,0.34936432146723756,6.699393208143385
var,Average LSE + graph control,N3,Hdec,"$\partial X_1^A/\partial X_{0,A}$",X1A,X0_A,0.3565940965684378,0.3620378515604405,0.0054437549920026695
var,Average LSE + graph control,N3,Hdec,"$\partial X_1^B/\partial X_{0,B}$",X1B,X0_B,0.3435277106270234,0.34936432146723756,0.00583661084021414
var,Average LSE + graph zero,N3,Hdec,"$\partial X_1^A/\partial X_{0,A}$",X1A,X0_A,0.36054600772654255,0.3620378515604405,0.0014918438338979434
var,Average LSE + graph zero,N3,Hdec,"$\partial X_1^B/\partial X_{0,B}$",X1B,X0_B,0.6288787891775124,0.34936432146723756,0.2795144677102748
var,Average LSE,N3,Hdec,"$\partial X_1^A/\partial X_{0,A}$",X1A,X0_A,0.36054600772654255,0.3620378515604405,0.0014918438338979434
var,Average LSE,N3,Hdec,"$\partial X_1^B/\partial X_{0,B}$",X1B,X0_B,0.6288787891775124,0.34936432146723756,0.2795144677102748
var,Average LSE + graph control,N1,Hprbs,"$\partial X_1^A/\partial X_{0,A}$",X1A,X0_A,0.3048483458594942,0.3620378515604405,0.057189505700946275
var,Average LSE + graph control,N1,Hprbs,"$\partial X_1^B/\partial X_{0,B}$",X1B,X0_B,0.3168813035309424,0.34936432146723756,0.032483017936295155
var,Average LSE + graph zero,N1,Hprbs,"$\partial X_1^A/\partial X_{0,A}$",X1A,X0_A,0.29972632640652463,0.3620378515604405,0.06231152515391586
var,Average LSE + graph zero,N1,Hprbs,"$\partial X_1^B/\partial X_{0,B}$",X1B,X0_B,-21.72291358405225,0.34936432146723756,22.07227790551949
var,Average LSE,N1,Hprbs,"$\partial X_1^A/\partial X_{0,A}$",X1A,X0_A,0.29972632640652463,0.3620378515604405,0.06231152515391586
var,Average LSE,N1,Hprbs,"$\partial X_1^B/\partial X_{0,B}$",X1B,X0_B,-21.72291358405225,0.34936432146723756,22.07227790551949
var,Average LSE + graph control,N2,Hprbs,"$\partial X_1^A/\partial X_{0,A}$",X1A,X0_A,0.3059387589935273,0.3620378515604405,0.0560990925669132
var,Average LSE + graph control,N2,Hprbs,"$\partial X_1^B/\partial X_{0,B}$",X1B,X0_B,0.3115068162558267,0.34936432146723756,0.03785750521141085
var,Average LSE + graph zero,N2,Hprbs,"$\partial X_1^A/\partial X_{0,A}$",X1A,X0_A,0.26701795135069584,0.3620378515604405,0.09501990020974466
var,Average LSE + graph zero,N2,Hprbs,"$\partial X_1^B/\partial X_{0,B}$",X1B,X0_B,-18.90464569189324,0.34936432146723756,19.254010013360478
var,Average LSE,N2,Hprbs,"$\partial X_1^A/\partial X_{0,A}$",X1A,X0_A,0.26701795135069584,0.3620378515604405,0.09501990020974466
var,Average LSE,N2,Hprbs,"$\partial X_1^B/\partial X_{0,B}$",X1B,X0_B,-18.90464569189324,0.34936432146723756,19.254010013360478
var,Average LSE + graph control,N3,Hprbs,"$\partial X_1^A/\partial X_{0,A}$",X1A,X0_A,0.33195624353670844,0.3620378515604405,0.030081608023732054
var,Average LSE + graph control,N3,Hprbs,"$\partial X_1^B/\partial X_{0,B}$",X1B,X0_B,0.3434692079654343,0.34936432146723756,0.005895113501803273
var,Average LSE + graph zero,N3,Hprbs,"$\partial X_1^A/\partial X_{0,A}$",X1A,X0_A,0.34838542988139215,0.3620378515604405,0.013652421679048343
var,Average LSE + graph zero,N3,Hprbs,"$\partial X_1^B/\partial X_{0,B}$",X1B,X0_B,-27.276332029654856,0.34936432146723756,27.625696351122095
var,Average LSE,N3,Hprbs,"$\partial X_1^A/\partial X_{0,A}$",X1A,X0_A,0.34838542988139215,0.3620378515604405,0.013652421679048343
var,Average LSE,N3,Hprbs,"$\partial X_1^B/\partial X_{0,B}$",X1B,X0_B,-27.276332029654856,0.34936432146723756,27.625696351122095
var,Average LSE + graph control,N1,Hsin,"$\partial X_1^A/\partial X_{0,A}$",X1A,X0_A,0.329489671363071,0.3620378515604405,0.03254818019736949
var,Average LSE + graph control,N1,Hsin,"$\partial X_1^B/\partial X_{0,B}$",X1B,X0_B,0.3129575377019781,0.34936432146723756,0.036406783765259465
var,Average LSE + graph zero,N1,Hsin,"$\partial X_1^A/\partial X_{0,A}$",X1A,X0_A,0.39766074702209797,0.3620378515604405,0.03562289546165748
var,Average LSE + graph zero,N1,Hsin,"$\partial X_1^B/\partial X_{0,B}$",X1B,X0_B,4.270163008797853,0.34936432146723756,3.9207986873306155
var,Average LSE,N1,Hsin,"$\partial X_1^A/\partial X_{0,A}$",X1A,X0_A,0.39766074702209797,0.3620378515604405,0.03562289546165748
var,Average LSE,N1,Hsin,"$\partial X_1^B/\partial X_{0,B}$",X1B,X0_B,4.270163008797853,0.34936432146723756,3.9207986873306155
var,Average LSE + graph control,N2,Hsin,"$\partial X_1^A/\partial X_{0,A}$",X1A,X0_A,0.3265403494516913,0.3620378515604405,0.03549750210874919
var,Average LSE + graph control,N2,Hsin,"$\partial X_1^B/\partial X_{0,B}$",X1B,X0_B,0.3137025360801964,0.34936432146723756,0.03566178538704118
var,Average LSE + graph zero,N2,Hsin,"$\partial X_1^A/\partial X_{0,A}$",X1A,X0_A,0.3645309826572192,0.3620378515604405,0.0024931310967787335
var,Average LSE + graph zero,N2,Hsin,"$\partial X_1^B/\partial X_{0,B}$",X1B,X0_B,6.971742516034745,0.34936432146723756,6.622378194567507
var,Average LSE,N2,Hsin,"$\partial X_1^A/\partial X_{0,A}$",X1A,X0_A,0.3645309826572192,0.3620378515604405,0.0024931310967787335
var,Average LSE,N2,Hsin,"$\partial X_1^B/\partial X_{0,B}$",X1B,X0_B,6.971742516034745,0.34936432146723756,6.622378194567507
var,Average LSE + graph control,N3,Hsin,"$\partial X_1^A/\partial X_{0,A}$",X1A,X0_A,0.35272394559280124,0.3620378515604405,0.009313905967639258
var,Average LSE + graph control,N3,Hsin,"$\partial X_1^B/\partial X_{0,B}$",X1B,X0_B,0.33396629532043476,0.34936432146723756,0.015398026146802801
var,Average LSE + graph zero,N3,Hsin,"$\partial X_1^A/\partial X_{0,A}$",X1A,X0_A,0.44631985049696704,0.3620378515604405,0.08428199893652655
var,Average LSE + graph zero,N3,Hsin,"$\partial X_1^B/\partial X_{0,B}$",X1B,X0_B,-1.2832554368049278,0.34936432146723756,1.6326197582721653
var,Average LSE,N3,Hsin,"$\partial X_1^A/\partial X_{0,A}$",X1A,X0_A,0.44631985049696704,0.3620378515604405,0.08428199893652655
var,Average LSE,N3,Hsin,"$\partial X_1^B/\partial X_{0,B}$",X1B,X0_B,-1.2832554368049278,0.34936432146723756,1.6326197582721653
var,Average LSE + graph control,N1,Hstep,"$\partial X_1^A/\partial X_{0,A}$",X1A,X0_A,0.32857345780400277,0.3620378515604405,0.03346439375643773
var,Average LSE + graph control,N1,Hstep,"$\partial X_1^B/\partial X_{0,B}$",X1B,X0_B,0.32343048284101283,0.34936432146723756,0.025933838626224726
var,Average LSE + graph zero,N1,Hstep,"$\partial X_1^A/\partial X_{0,A}$",X1A,X0_A,0.3079896480377665,0.3620378515604405,0.05404820352267398
var,Average LSE + graph zero,N1,Hstep,"$\partial X_1^B/\partial X_{0,B}$",X1B,X0_B,6.087336798693307,0.34936432146723756,5.737972477226069
var,Average LSE,N1,Hstep,"$\partial X_1^A/\partial X_{0,A}$",X1A,X0_A,0.3079896480377665,0.3620378515604405,0.05404820352267398
var,Average LSE,N1,Hstep,"$\partial X_1^B/\partial X_{0,B}$",X1B,X0_B,6.087336798693307,0.34936432146723756,5.737972477226069
var,Average LSE + graph control,N2,Hstep,"$\partial X_1^A/\partial X_{0,A}$",X1A,X0_A,0.3271318643595036,0.3620378515604405,0.034905987200936905
var,Average LSE + graph control,N2,Hstep,"$\partial X_1^B/\partial X_{0,B}$",X1B,X0_B,0.32168947484415067,0.34936432146723756,0.02767484662308689
var,Average LSE + graph zero,N2,Hstep,"$\partial X_1^A/\partial X_{0,A}$",X1A,X0_A,0.27468021033221146,0.3620378515604405,0.08735764122822903
var,Average LSE + graph zero,N2,Hstep,"$\partial X_1^B/\partial X_{0,B}$",X1B,X0_B,7.017510468811271,0.34936432146723756,6.668146147344034
var,Average LSE,N2,Hstep,"$\partial X_1^A/\partial X_{0,A}$",X1A,X0_A,0.27468021033221146,0.3620378515604405,0.08735764122822903
var,Average LSE,N2,Hstep,"$\partial X_1^B/\partial X_{0,B}$",X1B,X0_B,7.017510468811271,0.34936432146723756,6.668146147344034
var,Average LSE + graph control,N3,Hstep,"$\partial X_1^A/\partial X_{0,A}$",X1A,X0_A,0.3518528881474737,0.3620378515604405,0.010184963412966819
var,Average LSE + graph control,N3,Hstep,"$\partial X_1^B/\partial X_{0,B}$",X1B,X0_B,0.34200997108081826,0.34936432146723756,0.007354350386419295
var,Average LSE + graph zero,N3,Hstep,"$\partial X_1^A/\partial X_{0,A}$",X1A,X0_A,0.35664875151263814,0.3620378515604405,0.005389100047802353
var,Average LSE + graph zero,N3,Hstep,"$\partial X_1^B/\partial X_{0,B}$",X1B,X0_B,0.5339183530905262,0.34936432146723756,0.1845540316232886
var,Average LSE,N3,Hstep,"$\partial X_1^A/\partial X_{0,A}$",X1A,X0_A,0.35664875151263814,0.3620378515604405,0.005389100047802353
var,Average LSE,N3,Hstep,"$\partial X_1^B/\partial X_{0,B}$",X1B,X0_B,0.5339183530905262,0.34936432146723756,0.1845540316232886
var,RBF GP,N1,Hbrn,"$\partial X_1^A/\partial X_{0,A}$",X1A,X0_A,0.3667900139548387,0.3620378515604405,0.004752162394398185
var,RBF GP,N1,Hbrn,"$\partial X_1^B/\partial X_{0,B}$",X1B,X0_B,0.35274436134824183,0.34936432146723756,0.003380039881004271
var,RBF GP,N2,Hbrn,"$\partial X_1^A/\partial X_{0,A}$",X1A,X0_A,0.3666338028955474,0.3620378515604405,0.004595951335106929
var,RBF GP,N2,Hbrn,"$\partial X_1^B/\partial X_{0,B}$",X1B,X0_B,0.35358322105085366,0.34936432146723756,0.004218899583616098
var,RBF GP,N3,Hbrn,"$\partial X_1^A/\partial X_{0,A}$",X1A,X0_A,2.5529465652506302,0.3620378515604405,2.19090871369019
var,RBF GP,N3,Hbrn,"$\partial X_1^B/\partial X_{0,B}$",X1B,X0_B,0.3604574471533386,0.34936432146723756,0.011093125686101046
var,RBF GP,N1,Hdec,"$\partial X_1^A/\partial X_{0,A}$",X1A,X0_A,0.3673061036400152,0.3620378515604405,0.005268252079574709
var,RBF GP,N1,Hdec,"$\partial X_1^B/\partial X_{0,B}$",X1B,X0_B,0.35205396972026665,0.34936432146723756,0.0026896482530290866
var,RBF GP,N2,Hdec,"$\partial X_1^A/\partial X_{0,A}$",X1A,X0_A,0.3845093647577905,0.3620378515604405,0.022471513197350024
var,RBF GP,N2,Hdec,"$\partial X_1^B/\partial X_{0,B}$",X1B,X0_B,0.37456194235097573,0.34936432146723756,0.02519762088373817
var,RBF GP,N3,Hdec,"$\partial X_1^A/\partial X_{0,A}$",X1A,X0_A,5.270201919909647,0.3620378515604405,4.9081640683492065
var,RBF GP,N3,Hdec,"$\partial X_1^B/\partial X_{0,B}$",X1B,X0_B,0.2670248758267189,0.34936432146723756,0.08233944564051865
var,RBF GP,N1,Hprbs,"$\partial X_1^A/\partial X_{0,A}$",X1A,X0_A,0.3705840310684089,0.3620378515604405,0.008546179507968432
var,RBF GP,N1,Hprbs,"$\partial X_1^B/\partial X_{0,B}$",X1B,X0_B,0.3566688707447349,0.34936432146723756,0.007304549277497352
var,RBF GP,N2,Hprbs,"$\partial X_1^A/\partial X_{0,A}$",X1A,X0_A,0.36903670246221654,0.3620378515604405,0.006998850901776044
var,RBF GP,N2,Hprbs,"$\partial X_1^B/\partial X_{0,B}$",X1B,X0_B,0.3580954387997208,0.34936432146723756,0.008731117332483218
var,RBF GP,N3,Hprbs,"$\partial X_1^A/\partial X_{0,A}$",X1A,X0_A,0.3798487392187684,0.3620378515604405,0.01781088765832789
var,RBF GP,N3,Hprbs,"$\partial X_1^B/\partial X_{0,B}$",X1B,X0_B,0.37204089100806365,0.34936432146723756,0.022676569540826086
var,RBF GP,N1,Hsin,"$\partial X_1^A/\partial X_{0,A}$",X1A,X0_A,0.367020095652777,0.3620378515604405,0.004982244092336496
var,RBF GP,N1,Hsin,"$\partial X_1^B/\partial X_{0,B}$",X1B,X0_B,0.3518910681885392,0.34936432146723756,0.0025267467213016537
var,RBF GP,N2,Hsin,"$\partial X_1^A/\partial X_{0,A}$",X1A,X0_A,0.36640429973903466,0.3620378515604405,0.004366448178594162
var,RBF GP,N2,Hsin,"$\partial X_1^B/\partial X_{0,B}$",X1B,X0_B,0.3515993909432128,0.34936432146723756,0.0022350694759752376
var,RBF GP,N3,Hsin,"$\partial X_1^A/\partial X_{0,A}$",X1A,X0_A,0.3585221200016543,0.3620378515604405,0.003515731558786206
var,RBF GP,N3,Hsin,"$\partial X_1^B/\partial X_{0,B}$",X1B,X0_B,0.34862883971197905,0.34936432146723756,0.0007354817552585047
var,RBF GP,N1,Hstep,"$\partial X_1^A/\partial X_{0,A}$",X1A,X0_A,0.36938159172901347,0.3620378515604405,0.007343740168572976
var,RBF GP,N1,Hstep,"$\partial X_1^B/\partial X_{0,B}$",X1B,X0_B,0.3527883356202179,0.34936432146723756,0.003424014152980326
var,RBF GP,N2,Hstep,"$\partial X_1^A/\partial X_{0,A}$",X1A,X0_A,0.3673753362324738,0.3620378515604405,0.005337484672033321
var,RBF GP,N2,Hstep,"$\partial X_1^B/\partial X_{0,B}$",X1B,X0_B,0.3525655803591698,0.34936432146723756,0.003201258891932235
var,RBF GP,N3,Hstep,"$\partial X_1^A/\partial X_{0,A}$",X1A,X0_A,0.26301246189934463,0.3620378515604405,0.09902538966109586
var,RBF GP,N3,Hstep,"$\partial X_1^B/\partial X_{0,B}$",X1B,X0_B,0.37971554949158387,0.34936432146723756,0.03035122802434631
var,Matern GP,N1,Hbrn,"$\partial X_1^A/\partial X_{0,A}$",X1A,X0_A,0.3610882768242987,0.3620378515604405,0.0009495747361417672
var,Matern GP,N1,Hbrn,"$\partial X_1^B/\partial X_{0,B}$",X1B,X0_B,0.35139457413408803,0.34936432146723756,0.002030252666850474
var,Matern GP,N2,Hbrn,"$\partial X_1^A/\partial X_{0,A}$",X1A,X0_A,0.35955730096681915,0.3620378515604405,0.0024805505936213446
var,Matern GP,N2,Hbrn,"$\partial X_1^B/\partial X_{0,B}$",X1B,X0_B,0.3526351344176476,0.34936432146723756,0.0032708129504100403
var,Matern GP,N3,Hbrn,"$\partial X_1^A/\partial X_{0,A}$",X1A,X0_A,1.9456758578437539,0.3620378515604405,1.5836380062833133
var,Matern GP,N3,Hbrn,"$\partial X_1^B/\partial X_{0,B}$",X1B,X0_B,0.3535607947864424,0.34936432146723756,0.004196473319204863
var,Matern GP,N1,Hdec,"$\partial X_1^A/\partial X_{0,A}$",X1A,X0_A,0.357058581202954,0.3620378515604405,0.0049792703574865205
var,Matern GP,N1,Hdec,"$\partial X_1^B/\partial X_{0,B}$",X1B,X0_B,0.661820184026256,0.34936432146723756,0.3124558625590184
var,Matern GP,N2,Hdec,"$\partial X_1^A/\partial X_{0,A}$",X1A,X0_A,0.35638830116804643,0.3620378515604405,0.005649550392394065
var,Matern GP,N2,Hdec,"$\partial X_1^B/\partial X_{0,B}$",X1B,X0_B,0.3382369996458981,0.34936432146723756,0.011127321821339464
var,Matern GP,N3,Hdec,"$\partial X_1^A/\partial X_{0,A}$",X1A,X0_A,0.3633937624919503,0.3620378515604405,0.0013559109315098294
var,Matern GP,N3,Hdec,"$\partial X_1^B/\partial X_{0,B}$",X1B,X0_B,0.348364897553975,0.34936432146723756,0.000999423913262576
var,Matern GP,N1,Hprbs,"$\partial X_1^A/\partial X_{0,A}$",X1A,X0_A,0.35135524079955904,0.3620378515604405,0.01068261076088145
var,Matern GP,N1,Hprbs,"$\partial X_1^B/\partial X_{0,B}$",X1B,X0_B,0.36390756038220856,0.34936432146723756,0.014543238914971002
var,Matern GP,N2,Hprbs,"$\partial X_1^A/\partial X_{0,A}$",X1A,X0_A,0.35341892630106486,0.3620378515604405,0.008618925259375632
var,Matern GP,N2,Hprbs,"$\partial X_1^B/\partial X_{0,B}$",X1B,X0_B,0.3652372300369295,0.34936432146723756,0.015872908569691924
var,Matern GP,N3,Hprbs,"$\partial X_1^A/\partial X_{0,A}$",X1A,X0_A,0.4092602750578236,0.3620378515604405,0.04722242349738309
var,Matern GP,N3,Hprbs,"$\partial X_1^B/\partial X_{0,B}$",X1B,X0_B,0.6996618472189443,0.34936432146723756,0.35029752575170675
var,Matern GP,N1,Hsin,"$\partial X_1^A/\partial X_{0,A}$",X1A,X0_A,0.35441071299604254,0.3620378515604405,0.007627138564397951
var,Matern GP,N1,Hsin,"$\partial X_1^B/\partial X_{0,B}$",X1B,X0_B,0.3458391596075353,0.34936432146723756,0.0035251618597022527
var,Matern GP,N2,Hsin,"$\partial X_1^A/\partial X_{0,A}$",X1A,X0_A,0.3541836551031203,0.3620378515604405,0.007854196457320217
var,Matern GP,N2,Hsin,"$\partial X_1^B/\partial X_{0,B}$",X1B,X0_B,0.3062715395311746,0.34936432146723756,0.043092781936062974
var,Matern GP,N3,Hsin,"$\partial X_1^A/\partial X_{0,A}$",X1A,X0_A,0.3500780746239165,0.3620378515604405,0.011959776936524003
var,Matern GP,N3,Hsin,"$\partial X_1^B/\partial X_{0,B}$",X1B,X0_B,0.3423437063266029,0.34936432146723756,0.007020615140634678
var,Matern GP,N1,Hstep,"$\partial X_1^A/\partial X_{0,A}$",X1A,X0_A,0.3550781640396425,0.3620378515604405,0.006959687520798008
var,Matern GP,N1,Hstep,"$\partial X_1^B/\partial X_{0,B}$",X1B,X0_B,0.08798014593338345,0.34936432146723756,0.2613841755338541
var,Matern GP,N2,Hstep,"$\partial X_1^A/\partial X_{0,A}$",X1A,X0_A,0.3556702733431642,0.3620378515604405,0.006367578217276293
var,Matern GP,N2,Hstep,"$\partial X_1^B/\partial X_{0,B}$",X1B,X0_B,0.2957964775276909,0.34936432146723756,0.05356784393954667
var,Matern GP,N3,Hstep,"$\partial X_1^A/\partial X_{0,A}$",X1A,X0_A,0.33732698526275934,0.3620378515604405,0.024710866297681156
var,Matern GP,N3,Hstep,"$\partial X_1^B/\partial X_{0,B}$",X1B,X0_B,1.28697751956663,0.34936432146723756,0.9376131980993925
var,Neural ODE,N1,Hbrn,"$\partial X_1^A/\partial X_{0,A}$",X1A,X0_A,0.35669187277555464,0.3620378515604405,0.005345978784885852
var,Neural ODE,N1,Hbrn,"$\partial X_1^B/\partial X_{0,B}$",X1B,X0_B,0.33853252607584,0.34936432146723756,0.010831795391397558
var,Neural ODE,N2,Hbrn,"$\partial X_1^A/\partial X_{0,A}$",X1A,X0_A,0.36214282578229906,0.3620378515604405,0.00010497422185856697
var,Neural ODE,N2,Hbrn,"$\partial X_1^B/\partial X_{0,B}$",X1B,X0_B,0.35552269333601,0.34936432146723756,0.006158371868772439
var,Neural ODE,N3,Hbrn,"$\partial X_1^A/\partial X_{0,A}$",X1A,X0_A,0.3918399503719993,0.3620378515604405,0.02980209881155882
var,Neural ODE,N3,Hbrn,"$\partial X_1^B/\partial X_{0,B}$",X1B,X0_B,0.37282255800440905,0.34936432146723756,0.023458236537171495
var,Neural ODE,N1,Hdec,"$\partial X_1^A/\partial X_{0,A}$",X1A,X0_A,0.36468192833662033,0.3620378515604405,0.002644076776179838
var,Neural ODE,N1,Hdec,"$\partial X_1^B/\partial X_{0,B}$",X1B,X0_B,0.3557756749689579,0.34936432146723756,0.0064113535017203405
var,Neural ODE,N2,Hdec,"$\partial X_1^A/\partial X_{0,A}$",X1A,X0_A,0.35679125767946246,0.3620378515604405,0.005246593880978034
var,Neural ODE,N2,Hdec,"$\partial X_1^B/\partial X_{0,B}$",X1B,X0_B,0.35231746646761897,0.34936432146723756,0.0029531450003814075
var,Neural ODE,N3,Hdec,"$\partial X_1^A/\partial X_{0,A}$",X1A,X0_A,0.3307554046753794,0.3620378515604405,0.0312824468850611
var,Neural ODE,N3,Hdec,"$\partial X_1^B/\partial X_{0,B}$",X1B,X0_B,-0.04822092169290409,0.34936432146723756,0.39758524316014165
var,Neural ODE,N1,Hprbs,"$\partial X_1^A/\partial X_{0,A}$",X1A,X0_A,0.35431624299287795,0.3620378515604405,0.0077216085675625434
var,Neural ODE,N1,Hprbs,"$\partial X_1^B/\partial X_{0,B}$",X1B,X0_B,0.3517024968862534,0.34936432146723756,0.00233817541901582
var,Neural ODE,N2,Hprbs,"$\partial X_1^A/\partial X_{0,A}$",X1A,X0_A,0.35567807281017305,0.3620378515604405,0.006359778750267442
var,Neural ODE,N2,Hprbs,"$\partial X_1^B/\partial X_{0,B}$",X1B,X0_B,0.35752930301427843,0.34936432146723756,0.008164981547040873
var,Neural ODE,N3,Hprbs,"$\partial X_1^A/\partial X_{0,A}$",X1A,X0_A,0.05423527548415586,0.3620378515604405,0.30780257607628464
var,Neural ODE,N3,Hprbs,"$\partial X_1^B/\partial X_{0,B}$",X1B,X0_B,0.3963959503704682,0.34936432146723756,0.04703162890323065
var,Neural ODE,N1,Hsin,"$\partial X_1^A/\partial X_{0,A}$",X1A,X0_A,0.3766936441659927,0.3620378515604405,0.01465579260555222
var,Neural ODE,N1,Hsin,"$\partial X_1^B/\partial X_{0,B}$",X1B,X0_B,0.3521876670718193,0.34936432146723756,0.0028233456045817507
var,Neural ODE,N2,Hsin,"$\partial X_1^A/\partial X_{0,A}$",X1A,X0_A,0.38359815603494646,0.3620378515604405,0.021560304474505965
var,Neural ODE,N2,Hsin,"$\partial X_1^B/\partial X_{0,B}$",X1B,X0_B,0.3488695430755615,0.34936432146723756,0.000494778391676054
var,Neural ODE,N3,Hsin,"$\partial X_1^A/\partial X_{0,A}$",X1A,X0_A,0.6088431237745099,0.3620378515604405,0.2468052722140694
var,Neural ODE,N3,Hsin,"$\partial X_1^B/\partial X_{0,B}$",X1B,X0_B,0.492341504287906,0.34936432146723756,0.14297718282066846
var,Neural ODE,N1,Hstep,"$\partial X_1^A/\partial X_{0,A}$",X1A,X0_A,0.357951774597168,0.3620378515604405,0.004086076963272511
var,Neural ODE,N1,Hstep,"$\partial X_1^B/\partial X_{0,B}$",X1B,X0_B,0.34473312604427336,0.34936432146723756,0.004631195422964196
var,Neural ODE,N2,Hstep,"$\partial X_1^A/\partial X_{0,A}$",X1A,X0_A,0.33980266535282133,0.3620378515604405,0.022235186207619162
var,Neural ODE,N2,Hstep,"$\partial X_1^B/\partial X_{0,B}$",X1B,X0_B,0.351819473028183,0.34936432146723756,0.0024551515609454455
var,Neural ODE,N3,Hstep,"$\partial X_1^A/\partial X_{0,A}$",X1A,X0_A,0.366932884324342,0.3620378515604405,0.004895032763901519
var,Neural ODE,N3,Hstep,"$\partial X_1^B/\partial X_{0,B}$",X1B,X0_B,0.2344174510538578,0.34936432146723756,0.11494687041337975
var,Linear state-space estimator,N1,Hbrn,"$\partial X_1^A/\partial X_{0,A}$",X1A,X0_A,0.3560015261309374,0.3620378515604405,0.006036325429503109
var,Linear state-space estimator,N1,Hbrn,"$\partial X_1^B/\partial X_{0,B}$",X1B,X0_B,0.3512275712788028,0.34936432146723756,0.0018632498115652152
var,Linear state-space estimator,N2,Hbrn,"$\partial X_1^A/\partial X_{0,A}$",X1A,X0_A,0.3559253599183972,0.3620378515604405,0.006112491642043305
var,Linear state-space estimator,N2,Hbrn,"$\partial X_1^B/\partial X_{0,B}$",X1B,X0_B,0.3511849959830473,0.34936432146723756,0.0018206745158097504
var,Linear state-space estimator,N3,Hbrn,"$\partial X_1^A/\partial X_{0,A}$",X1A,X0_A,0.3523099498651818,0.3620378515604405,0.009727901695258667
var,Linear state-space estimator,N3,Hbrn,"$\partial X_1^B/\partial X_{0,B}$",X1B,X0_B,0.4421083576358196,0.34936432146723756,0.09274403616858207
var,Linear state-space estimator,N1,Hdec,"$\partial X_1^A/\partial X_{0,A}$",X1A,X0_A,0.3577419080581351,0.3620378515604405,0.004295943502305388
var,Linear state-space estimator,N1,Hdec,"$\partial X_1^B/\partial X_{0,B}$",X1B,X0_B,0.3525411288648604,0.34936432146723756,0.0031768073976228273
var,Linear state-space estimator,N2,Hdec,"$\partial X_1^A/\partial X_{0,A}$",X1A,X0_A,0.3576828374485726,0.3620378515604405,0.004355014111867894
var,Linear state-space estimator,N2,Hdec,"$\partial X_1^B/\partial X_{0,B}$",X1B,X0_B,0.3525222924393607,0.34936432146723756,0.003157970972123114
var,Linear state-space estimator,N3,Hdec,"$\partial X_1^A/\partial X_{0,A}$",X1A,X0_A,0.3451729630866015,0.3620378515604405,0.01686488847383899
var,Linear state-space estimator,N3,Hdec,"$\partial X_1^B/\partial X_{0,B}$",X1B,X0_B,0.589178331694776,0.34936432146723756,0.2398140102275384
var,Linear state-space estimator,N1,Hprbs,"$\partial X_1^A/\partial X_{0,A}$",X1A,X0_A,0.3601631853798213,0.3620378515604405,0.001874666180619211
var,Linear state-space estimator,N1,Hprbs,"$\partial X_1^B/\partial X_{0,B}$",X1B,X0_B,0.3517877798584042,0.34936432146723756,0.002423458391166644
var,Linear state-space estimator,N2,Hprbs,"$\partial X_1^A/\partial X_{0,A}$",X1A,X0_A,0.3601332313034803,0.3620378515604405,0.0019046202569601989
var,Linear state-space estimator,N2,Hprbs,"$\partial X_1^B/\partial X_{0,B}$",X1B,X0_B,0.3520620968354169,0.34936432146723756,0.0026977753681793337
var,Linear state-space estimator,N3,Hprbs,"$\partial X_1^A/\partial X_{0,A}$",X1A,X0_A,0.3535552166788139,0.3620378515604405,0.008482634881626594
var,Linear state-space estimator,N3,Hprbs,"$\partial X_1^B/\partial X_{0,B}$",X1B,X0_B,0.4343999567099707,0.34936432146723756,0.08503563524273317
var,Linear state-space estimator,N1,Hsin,"$\partial X_1^A/\partial X_{0,A}$",X1A,X0_A,0.362622248008792,0.3620378515604405,0.0005843964483515096
var,Linear state-space estimator,N1,Hsin,"$\partial X_1^B/\partial X_{0,B}$",X1B,X0_B,0.3553553937456154,0.34936432146723756,0.0059910722783778625
var,Linear state-space estimator,N2,Hsin,"$\partial X_1^A/\partial X_{0,A}$",X1A,X0_A,0.3626048332730049,0.3620378515604405,0.0005669817125644183
var,Linear state-space estimator,N2,Hsin,"$\partial X_1^B/\partial X_{0,B}$",X1B,X0_B,0.3553637788937608,0.34936432146723756,0.005999457426523247
var,Linear state-space estimator,N3,Hsin,"$\partial X_1^A/\partial X_{0,A}$",X1A,X0_A,0.3621123217059034,0.3620378515604405,7.447014546291264e-05
var,Linear state-space estimator,N3,Hsin,"$\partial X_1^B/\partial X_{0,B}$",X1B,X0_B,0.4497825436489335,0.34936432146723756,0.10041822218169594
var,Linear state-space estimator,N1,Hstep,"$\partial X_1^A/\partial X_{0,A}$",X1A,X0_A,0.3617722332019995,0.3620378515604405,0.0002656183584409666
var,Linear state-space estimator,N1,Hstep,"$\partial X_1^B/\partial X_{0,B}$",X1B,X0_B,0.3516672979325067,0.34936432146723756,0.002302976465269113
var,Linear state-space estimator,N2,Hstep,"$\partial X_1^A/\partial X_{0,A}$",X1A,X0_A,0.3621264576145995,0.3620378515604405,8.860605415900169e-05
var,Linear state-space estimator,N2,Hstep,"$\partial X_1^B/\partial X_{0,B}$",X1B,X0_B,0.3516333863190458,0.34936432146723756,0.0022690648518082224
var,Linear state-space estimator,N3,Hstep,"$\partial X_1^A/\partial X_{0,A}$",X1A,X0_A,0.3447361267999174,0.3620378515604405,0.017301724760523107
var,Linear state-space estimator,N3,Hstep,"$\partial X_1^B/\partial X_{0,B}$",X1B,X0_B,0.2810263576972069,0.34936432146723756,0.06833796377003065
var,LSTM sequence model,N1,Hbrn,"$\partial X_1^A/\partial X_{0,A}$",X1A,X0_A,0.3534800146818161,0.3620378515604405,0.00855783687862438
var,LSTM sequence model,N1,Hbrn,"$\partial X_1^B/\partial X_{0,B}$",X1B,X0_B,0.3368926171064377,0.34936432146723756,0.012471704360799862
var,LSTM sequence model,N2,Hbrn,"$\partial X_1^A/\partial X_{0,A}$",X1A,X0_A,0.3472345975637436,0.3620378515604405,0.014803253996696908
var,LSTM sequence model,N2,Hbrn,"$\partial X_1^B/\partial X_{0,B}$",X1B,X0_B,0.3446557723283768,0.34936432146723756,0.0047085491388607625
var,LSTM sequence model,N3,Hbrn,"$\partial X_1^A/\partial X_{0,A}$",X1A,X0_A,0.3562258474826812,0.3620378515604405,0.005812004077759281
var,LSTM sequence model,N3,Hbrn,"$\partial X_1^B/\partial X_{0,B}$",X1B,X0_B,0.3391256228685379,0.34936432146723756,0.010238698598699636
var,LSTM sequence model,N1,Hdec,"$\partial X_1^A/\partial X_{0,A}$",X1A,X0_A,0.3316409792304039,0.3620378515604405,0.030396872330036573
var,LSTM sequence model,N1,Hdec,"$\partial X_1^B/\partial X_{0,B}$",X1B,X0_B,0.3071937009692192,0.34936432146723756,0.04217062049801834
var,LSTM sequence model,N2,Hdec,"$\partial X_1^A/\partial X_{0,A}$",X1A,X0_A,0.3404401207566261,0.3620378515604405,0.021597730803814386
var,LSTM sequence model,N2,Hdec,"$\partial X_1^B/\partial X_{0,B}$",X1B,X0_B,0.3060291130542755,0.34936432146723756,0.04333520841296207
var,LSTM sequence model,N3,Hdec,"$\partial X_1^A/\partial X_{0,A}$",X1A,X0_A,0.3594670332670212,0.3620378515604405,0.002570818293419319
var,LSTM sequence model,N3,Hdec,"$\partial X_1^B/\partial X_{0,B}$",X1B,X0_B,0.3446544859409332,0.34936432146723756,0.0047098355263043845
var,LSTM sequence model,N1,Hprbs,"$\partial X_1^A/\partial X_{0,A}$",X1A,X0_A,0.3239131786823273,0.3620378515604405,0.03812467287811322
var,LSTM sequence model,N1,Hprbs,"$\partial X_1^B/\partial X_{0,B}$",X1B,X0_B,0.3133985413312912,0.34936432146723756,0.03596578013594637
var,LSTM sequence model,N2,Hprbs,"$\partial X_1^A/\partial X_{0,A}$",X1A,X0_A,0.3312305928468704,0.3620378515604405,0.030807258713570096
var,LSTM sequence model,N2,Hprbs,"$\partial X_1^B/\partial X_{0,B}$",X1B,X0_B,0.3199813119769096,0.34936432146723756,0.02938300949032796
var,LSTM sequence model,N3,Hprbs,"$\partial X_1^A/\partial X_{0,A}$",X1A,X0_A,0.341905975818634,0.3620378515604405,0.02013187574180647
var,LSTM sequence model,N3,Hprbs,"$\partial X_1^B/\partial X_{0,B}$",X1B,X0_B,0.3527683029174804,0.34936432146723756,0.0034039814502428434
var,LSTM sequence model,N1,Hsin,"$\partial X_1^A/\partial X_{0,A}$",X1A,X0_A,0.332526298224926,0.3620378515604405,0.029511553335514473
var,LSTM sequence model,N1,Hsin,"$\partial X_1^B/\partial X_{0,B}$",X1B,X0_B,0.3107285243868828,0.34936432146723756,0.03863579708035475
var,LSTM sequence model,N2,Hsin,"$\partial X_1^A/\partial X_{0,A}$",X1A,X0_A,0.3293828855156898,0.3620378515604405,0.03265496604475071
var,LSTM sequence model,N2,Hsin,"$\partial X_1^B/\partial X_{0,B}$",X1B,X0_B,0.3076898888945579,0.34936432146723756,0.041674432572679665
var,LSTM sequence model,N3,Hsin,"$\partial X_1^A/\partial X_{0,A}$",X1A,X0_A,0.3564388517141342,0.3620378515604405,0.005598999846306296
var,LSTM sequence model,N3,Hsin,"$\partial X_1^B/\partial X_{0,B}$",X1B,X0_B,0.3480564016103744,0.34936432146723756,0.0013079198568631822
var,LSTM sequence model,N1,Hstep,"$\partial X_1^A/\partial X_{0,A}$",X1A,X0_A,0.3312156794071197,0.3620378515604405,0.03082217215332078
var,LSTM sequence model,N1,Hstep,"$\partial X_1^B/\partial X_{0,B}$",X1B,X0_B,0.3263453476428986,0.34936432146723756,0.023018973824338984
var,LSTM sequence model,N2,Hstep,"$\partial X_1^A/\partial X_{0,A}$",X1A,X0_A,0.3285557018518448,0.3620378515604405,0.0334821497085957
var,LSTM sequence model,N2,Hstep,"$\partial X_1^B/\partial X_{0,B}$",X1B,X0_B,0.3201995710730552,0.34936432146723756,0.02916475039418237
var,LSTM sequence model,N3,Hstep,"$\partial X_1^A/\partial X_{0,A}$",X1A,X0_A,0.3540667464733124,0.3620378515604405,0.007971105087128116
var,LSTM sequence model,N3,Hstep,"$\partial X_1^B/\partial X_{0,B}$",X1B,X0_B,0.3419102381467819,0.34936432146723756,0.007454083320455662
