regime,method,noise,h_profile,direct_hidden_stage_mean_absolute_error,remaining_stage_mean_absolute_error,direct_over_remaining_ratio
var,Average LSE,N1,Hbrn,3.122544128548622,2.459424010433474,1.2696241539897275
var,Average LSE,N1,Hdec,3.131042003696101,2.457923110055325,1.2738567739922608
var,Average LSE,N1,Hprbs,3.819201476131831,2.575670702968417,1.4827988188592065
var,Average LSE,N1,Hsin,3.187324848809008,2.4197640203714887,1.3172048274028312
var,Average LSE,N1,Hstep,3.132896114440695,2.4559491174506816,1.2756355952898146
var,Average LSE,N2,Hbrn,3.0634771455952614,2.6583679499145654,1.1523901895122213
var,Average LSE,N2,Hdec,3.165980834892124,2.5777050254108036,1.2282168842757981
var,Average LSE,N2,Hprbs,3.859095402543121,2.6663874868945205,1.4473122985728228
var,Average LSE,N2,Hsin,3.275320576095521,2.4157024408169216,1.3558460349892683
var,Average LSE,N2,Hstep,3.1657526017871795,2.665114162062968,1.187848778431572
var,Average LSE,N3,Hbrn,0.07285534074272056,0.052968338575766126,1.3754507447596829
var,Average LSE,N3,Hdec,0.05741939298663815,0.044642059956321714,1.2862173708564955
var,Average LSE,N3,Hprbs,0.9539693055811514,0.820043061673638,1.163316111271256
var,Average LSE,N3,Hsin,0.08853153001900212,0.08524295907080857,1.0385787985780952
var,Average LSE,N3,Hstep,0.0556299665328662,0.04324117784530279,1.2865044225179258
var,Average LSE + graph zero,N1,Hbrn,3.122544128548622,2.459424010433474,1.2696241539897275
var,Average LSE + graph zero,N1,Hdec,3.131042003696101,2.457923110055325,1.2738567739922608
var,Average LSE + graph zero,N1,Hprbs,3.819201476131831,2.575670702968417,1.4827988188592065
var,Average LSE + graph zero,N1,Hsin,3.187324848809008,2.4197640203714887,1.3172048274028312
var,Average LSE + graph zero,N1,Hstep,3.132896114440695,2.4559491174506816,1.2756355952898146
var,Average LSE + graph zero,N2,Hbrn,3.0634771455952614,2.6583679499145654,1.1523901895122213
var,Average LSE + graph zero,N2,Hdec,3.165980834892124,2.5777050254108036,1.2282168842757981
var,Average LSE + graph zero,N2,Hprbs,3.859095402543121,2.6663874868945205,1.4473122985728228
var,Average LSE + graph zero,N2,Hsin,3.275320576095521,2.4157024408169216,1.3558460349892683
var,Average LSE + graph zero,N2,Hstep,3.1657526017871795,2.665114162062968,1.187848778431572
var,Average LSE + graph zero,N3,Hbrn,0.07285534074272056,0.052968338575766126,1.3754507447596829
var,Average LSE + graph zero,N3,Hdec,0.05741939298663815,0.044642059956321714,1.2862173708564955
var,Average LSE + graph zero,N3,Hprbs,0.9539693055811514,0.820043061673638,1.163316111271256
var,Average LSE + graph zero,N3,Hsin,0.08853153001900212,0.08524295907080857,1.0385787985780952
var,Average LSE + graph zero,N3,Hstep,0.0556299665328662,0.04324117784530279,1.2865044225179258
var,Average LSE + graph control,N1,Hbrn,0.014591063709812687,0.01598724030092675,0.912669318479367
var,Average LSE + graph control,N1,Hdec,0.013945883692875605,0.01600757083158766,0.871205496423996
var,Average LSE + graph control,N1,Hprbs,0.015324205529596862,0.01688448793155612,0.9075907775063061
var,Average LSE + graph control,N1,Hsin,0.014224118930316578,0.015376129585708071,0.9250779821430307
var,Average LSE + graph control,N1,Hstep,0.014509592988479182,0.01625629194325245,0.8925524368736331
var,Average LSE + graph control,N2,Hbrn,0.015173610186671828,0.016229370879881612,0.9349475280943554
var,Average LSE + graph control,N2,Hdec,0.01467298188940457,0.01619733734010656,0.9058885161990482
var,Average LSE + graph control,N2,Hprbs,0.015553605607892167,0.017366101943641157,0.8956302144470215
var,Average LSE + graph control,N2,Hsin,0.014834499729745737,0.015756134542658458,0.9415062869374802
var,Average LSE + graph control,N2,Hstep,0.014968846432048342,0.016510036532878112,0.9066513209852297
var,Average LSE + graph control,N3,Hbrn,0.010261674041569625,0.009338057774071824,1.098908819140349
var,Average LSE + graph control,N3,Hdec,0.010058769860323682,0.009115188180172474,1.1035175205931245
var,Average LSE + graph control,N3,Hprbs,0.011039668648853255,0.010163612551478745,1.0861953456939923
var,Average LSE + graph control,N3,Hsin,0.009970537146386998,0.009190077197047421,1.0849241995040393
var,Average LSE + graph control,N3,Hstep,0.009773907211478914,0.008863789759644261,1.1026781406727746
var,Expanded LSE,N1,Hbrn,3.6755722206050856,2.936646178067716,1.25162242835246
var,Expanded LSE,N1,Hdec,3.296537792013534,2.6169976650440065,1.2596640172998017
var,Expanded LSE,N1,Hprbs,3.457115513822215,2.365875825521023,1.4612413198232306
var,Expanded LSE,N1,Hsin,4.030547009227446,3.102227995588395,1.2992426781523445
var,Expanded LSE,N1,Hstep,4.451147154513246,3.546565232380467,1.2550585884826995
var,Expanded LSE,N2,Hbrn,3.1988607732554817,2.798612180257674,1.1430168123405209
var,Expanded LSE,N2,Hdec,3.493761013811985,2.884837962057074,1.2110770378661788
var,Expanded LSE,N2,Hprbs,2.5689752967058856,1.8209703070225132,1.4107727549420852
var,Expanded LSE,N2,Hsin,3.0834409902646525,2.316819334636201,1.3308940167096932
var,Expanded LSE,N2,Hstep,3.4684514908528037,2.9318920674703124,1.1830079044640427
var,Expanded LSE,N3,Hbrn,0.08595576669445507,0.06157423780951536,1.3959696417252592
var,Expanded LSE,N3,Hdec,0.05970602070054526,0.04720911094633203,1.2647139398244522
var,Expanded LSE,N3,Hprbs,1.0523085743125251,0.905808160475327,1.1617344822333255
var,Expanded LSE,N3,Hsin,0.13314522235719153,0.11759953481029543,1.1321917435470596
var,Expanded LSE,N3,Hstep,0.06284276334938774,0.04936881233075582,1.2729243500605323
var,Expanded LSE + graph zero,N1,Hbrn,3.6755722206050856,2.936646178067716,1.25162242835246
var,Expanded LSE + graph zero,N1,Hdec,3.296537792013534,2.6169976650440065,1.2596640172998017
var,Expanded LSE + graph zero,N1,Hprbs,3.457115513822215,2.365875825521023,1.4612413198232306
var,Expanded LSE + graph zero,N1,Hsin,4.030547009227446,3.102227995588395,1.2992426781523445
var,Expanded LSE + graph zero,N1,Hstep,4.451147154513246,3.546565232380467,1.2550585884826995
var,Expanded LSE + graph zero,N2,Hbrn,3.1988607732554817,2.798612180257674,1.1430168123405209
var,Expanded LSE + graph zero,N2,Hdec,3.493761013811985,2.884837962057074,1.2110770378661788
var,Expanded LSE + graph zero,N2,Hprbs,2.5689752967058856,1.8209703070225132,1.4107727549420852
var,Expanded LSE + graph zero,N2,Hsin,3.0834409902646525,2.316819334636201,1.3308940167096932
var,Expanded LSE + graph zero,N2,Hstep,3.4684514908528037,2.9318920674703124,1.1830079044640427
var,Expanded LSE + graph zero,N3,Hbrn,0.08595576669445507,0.06157423780951536,1.3959696417252592
var,Expanded LSE + graph zero,N3,Hdec,0.05970602070054526,0.04720911094633203,1.2647139398244522
var,Expanded LSE + graph zero,N3,Hprbs,1.0523085743125251,0.905808160475327,1.1617344822333255
var,Expanded LSE + graph zero,N3,Hsin,0.13314522235719153,0.11759953481029543,1.1321917435470596
var,Expanded LSE + graph zero,N3,Hstep,0.06284276334938774,0.04936881233075582,1.2729243500605323
var,Expanded LSE + graph control,N1,Hbrn,3.675572220605237,2.936646178067855,1.2516224283524524
var,Expanded LSE + graph control,N1,Hdec,3.2965377920143175,2.6169976650446514,1.2596640172997906
var,Expanded LSE + graph control,N1,Hprbs,3.457115513822515,2.365875825521094,1.4612413198233136
var,Expanded LSE + graph control,N1,Hsin,4.030547009226897,3.102227995588081,1.299242678152299
var,Expanded LSE + graph control,N1,Hstep,4.451147154513929,3.5465652323810866,1.2550585884826728
var,Expanded LSE + graph control,N2,Hbrn,3.1988607732523833,2.798612180255002,1.1430168123405051
var,Expanded LSE + graph control,N2,Hdec,3.493761013810933,2.8848379620561566,1.2110770378661992
var,Expanded LSE + graph control,N2,Hprbs,2.5689752967051676,1.8209703070220986,1.4107727549420122
var,Expanded LSE + graph control,N2,Hsin,3.083440990267922,2.3168193346386414,1.3308940167097025
var,Expanded LSE + graph control,N2,Hstep,3.468451490854721,2.9318920674721345,1.1830079044639612
var,Expanded LSE + graph control,N3,Hbrn,0.08595576669444563,0.06157423780950801,1.3959696417252725
var,Expanded LSE + graph control,N3,Hdec,0.05970602070053892,0.047209110946328785,1.264713939824405
var,Expanded LSE + graph control,N3,Hprbs,1.0523085743121474,0.9058081604749308,1.1617344822334168
var,Expanded LSE + graph control,N3,Hsin,0.1331452223571877,0.11759953481029269,1.1321917435470537
var,Expanded LSE + graph control,N3,Hstep,0.06284276334939384,0.04936881233075901,1.2729243500605736
var,Linear state-space estimator,N1,Hbrn,0.0012999341182952204,0.0011029871948461483,1.1785577605699615
var,Linear state-space estimator,N1,Hdec,0.001817782016411157,0.0012847079417565254,1.4149379460718383
var,Linear state-space estimator,N1,Hprbs,0.0013888898441352941,0.001214751704665526,1.1433528669282385
var,Linear state-space estimator,N1,Hsin,0.0014938254838668223,0.0013116390234976163,1.13889984752313
var,Linear state-space estimator,N1,Hstep,0.0013693302484406357,0.0013546066933992644,1.0108692472236527
var,Linear state-space estimator,N2,Hbrn,0.0013012173391097881,0.001152884913122997,1.1286619542838672
var,Linear state-space estimator,N2,Hdec,0.0018266896585060696,0.0013132123100260576,1.3910086317039043
var,Linear state-space estimator,N2,Hprbs,0.0013942468895570739,0.001243139077628817,1.1215534244297767
var,Linear state-space estimator,N2,Hsin,0.0015018357315452298,0.00138351523458758,1.0855216437084776
var,Linear state-space estimator,N2,Hstep,0.0013779548316701978,0.0013972245001376202,0.9862086096647142
var,Linear state-space estimator,N3,Hbrn,0.038048847477641735,0.03493729499024208,1.0890610589133676
var,Linear state-space estimator,N3,Hdec,0.046255412011422484,0.04175102960447968,1.107886738353861
var,Linear state-space estimator,N3,Hprbs,0.037245395596208916,0.033918195732375624,1.0980948364731975
var,Linear state-space estimator,N3,Hsin,0.035011291642033676,0.03224318492044085,1.0858509086004702
var,Linear state-space estimator,N3,Hstep,0.030227659296381625,0.03037575847925684,0.9951244284821283
var,Neural ODE,N1,Hbrn,0.0023622582082910085,0.0032819543847670816,0.7197717979430895
var,Neural ODE,N1,Hdec,0.004150400818086097,0.00474924946923442,0.873906676196385
var,Neural ODE,N1,Hprbs,0.004254691636442158,0.003735113383819995,1.1391064204029002
var,Neural ODE,N1,Hsin,0.0027432322581256736,0.0034962845491675505,0.7846135574917164
var,Neural ODE,N1,Hstep,0.003531895367130234,0.0035687523737584896,0.9896722992328439
var,Neural ODE,N2,Hbrn,0.0035394553190341116,0.0029700089149871664,1.191732220456788
var,Neural ODE,N2,Hdec,0.003168571748795961,0.003836125806555213,0.8259822301399686
var,Neural ODE,N2,Hprbs,0.00404559720994164,0.003674446017667258,1.101008748118719
var,Neural ODE,N2,Hsin,0.0037286893914659025,0.003822081761734199,0.9755650516942576
var,Neural ODE,N2,Hstep,0.0031341221103878838,0.003664345517288705,0.8553020165813566
var,Neural ODE,N3,Hbrn,0.03402767150360118,0.032325398509453485,1.0526605416372474
var,Neural ODE,N3,Hdec,0.04703144995327136,0.04333722397597932,1.0852437151798107
var,Neural ODE,N3,Hprbs,0.1598418555630524,0.14561800425230495,1.0976792078959035
var,Neural ODE,N3,Hsin,0.0932727522835099,0.07205306180867652,1.2945008850724251
var,Neural ODE,N3,Hstep,0.05308186724496862,0.04214045290991858,1.2596415932794771
var,LSTM sequence model,N1,Hbrn,0.012900839229217522,0.012626481878532403,1.0217287248597398
var,LSTM sequence model,N1,Hdec,0.01496562438478092,0.013708494735535159,1.0917044265981317
var,LSTM sequence model,N1,Hprbs,0.014425470785712878,0.014039201889378655,1.0275135936770348
var,LSTM sequence model,N1,Hsin,0.012783327203663639,0.012586314261657978,1.0156529495378823
var,LSTM sequence model,N1,Hstep,0.01263846751595768,0.012502466821566041,1.010877908842521
var,LSTM sequence model,N2,Hbrn,0.012487476827848024,0.012065273391299864,1.0349932755649454
var,LSTM sequence model,N2,Hdec,0.014696936725952812,0.01375805268567749,1.068242509439779
var,LSTM sequence model,N2,Hprbs,0.014160057177683611,0.013724933091506084,1.031703184509279
var,LSTM sequence model,N2,Hsin,0.013094658031765393,0.013166643088595598,0.9945327707035245
var,LSTM sequence model,N2,Hstep,0.013846510568837426,0.012856460817981275,1.0770079545897615
var,LSTM sequence model,N3,Hbrn,0.010123277816925751,0.009731299685485122,1.0402801418216818
var,LSTM sequence model,N3,Hdec,0.009471933544393695,0.008810354187322855,1.0750911192676886
var,LSTM sequence model,N3,Hprbs,0.010474645146871502,0.009761636259186381,1.0730419438661352
var,LSTM sequence model,N3,Hsin,0.010214651902093894,0.008773140906866036,1.1643095683211588
var,LSTM sequence model,N3,Hstep,0.0094772576538656,0.0090044874454096,1.0525038444800112
var,Linear residual DML,N1,Hbrn,0.0033995840652767026,0.003875307345116786,0.877242438476645
var,Linear residual DML,N1,Hdec,0.00383852701883547,0.0045999953867378995,0.8344632322680595
var,Linear residual DML,N1,Hprbs,0.003335172142046496,0.003759188324375687,0.8872053896369744
var,Linear residual DML,N1,Hsin,0.00328433796855253,0.0038368749621484005,0.8559929632717336
var,Linear residual DML,N1,Hstep,0.0032102506178168394,0.0037195390432522174,0.8630775428048535
var,Linear residual DML,N2,Hbrn,0.003257827315023095,0.003983394697204647,0.8178519987761393
var,Linear residual DML,N2,Hdec,0.0037875878056260657,0.004598479172339092,0.8236609678280759
var,Linear residual DML,N2,Hprbs,0.0033961809303035117,0.0038555456352084663,0.8808561100379462
var,Linear residual DML,N2,Hsin,0.0032746631593535583,0.0039048652315423456,0.8386110570223522
var,Linear residual DML,N2,Hstep,0.0031506145094889154,0.0037520594917487423,0.8397027063183616
var,Linear residual DML,N3,Hbrn,0.00374531568607495,0.003963806203222045,0.9448786075945156
var,Linear residual DML,N3,Hdec,0.00398398080976895,0.004650108886833586,0.8567500045104912
var,Linear residual DML,N3,Hprbs,0.003664899224830903,0.00386233050320803,0.9488828627655915
var,Linear residual DML,N3,Hsin,0.0037680415991724085,0.003978264265052436,0.9471571891976219
var,Linear residual DML,N3,Hstep,0.0035506862614901875,0.00376442054890837,0.9432225266435329
var,Linear residual DML + graph zero,N1,Hbrn,0.0033995840652767026,0.003875307345116786,0.877242438476645
var,Linear residual DML + graph zero,N1,Hdec,0.00383852701883547,0.0045999953867378995,0.8344632322680595
var,Linear residual DML + graph zero,N1,Hprbs,0.003335172142046496,0.003759188324375687,0.8872053896369744
var,Linear residual DML + graph zero,N1,Hsin,0.00328433796855253,0.0038368749621484005,0.8559929632717336
var,Linear residual DML + graph zero,N1,Hstep,0.0032102506178168394,0.0037195390432522174,0.8630775428048535
var,Linear residual DML + graph zero,N2,Hbrn,0.003257827315023095,0.003983394697204647,0.8178519987761393
var,Linear residual DML + graph zero,N2,Hdec,0.0037875878056260657,0.004598479172339092,0.8236609678280759
var,Linear residual DML + graph zero,N2,Hprbs,0.0033961809303035117,0.0038555456352084663,0.8808561100379462
var,Linear residual DML + graph zero,N2,Hsin,0.0032746631593535583,0.0039048652315423456,0.8386110570223522
var,Linear residual DML + graph zero,N2,Hstep,0.0031506145094889154,0.0037520594917487423,0.8397027063183616
var,Linear residual DML + graph zero,N3,Hbrn,0.00374531568607495,0.003963806203222045,0.9448786075945156
var,Linear residual DML + graph zero,N3,Hdec,0.00398398080976895,0.004650108886833586,0.8567500045104912
var,Linear residual DML + graph zero,N3,Hprbs,0.003664899224830903,0.00386233050320803,0.9488828627655915
var,Linear residual DML + graph zero,N3,Hsin,0.0037680415991724085,0.003978264265052436,0.9471571891976219
var,Linear residual DML + graph zero,N3,Hstep,0.0035506862614901875,0.00376442054890837,0.9432225266435329
var,Linear residual DML + graph control,N1,Hbrn,0.05211447561735916,0.04965955448557211,1.0494350212606174
var,Linear residual DML + graph control,N1,Hdec,0.06289210062514111,0.06010014473366147,1.046455061029427
var,Linear residual DML + graph control,N1,Hprbs,0.06688193433283707,0.05658034011528181,1.182070206657752
var,Linear residual DML + graph control,N1,Hsin,0.07248164362026407,0.05762412988093448,1.2578349342546056
var,Linear residual DML + graph control,N1,Hstep,0.05756363009087932,0.0514406414228924,1.1190301772804496
var,Linear residual DML + graph control,N2,Hbrn,0.050467119662053604,0.048430492225281015,1.0420525859472776
var,Linear residual DML + graph control,N2,Hdec,0.06123396927460868,0.05851783650437452,1.0464154680433395
var,Linear residual DML + graph control,N2,Hprbs,0.06500004931878474,0.05589606464945281,1.1628734460364385
var,Linear residual DML + graph control,N2,Hsin,0.07163829359972619,0.055581935023804596,1.288877286640794
var,Linear residual DML + graph control,N2,Hstep,0.056234628291281216,0.05019922920999213,1.1202289193732828
var,Linear residual DML + graph control,N3,Hbrn,0.12368110035767749,0.12065680083327004,1.0250653050928027
var,Linear residual DML + graph control,N3,Hdec,0.11857669844775132,0.12779215019932436,0.9278871844851253
var,Linear residual DML + graph control,N3,Hprbs,0.13800993830287717,0.11864583246953649,1.1632093216448425
var,Linear residual DML + graph control,N3,Hsin,0.13456128938076256,0.12207291933426967,1.102302542731007
var,Linear residual DML + graph control,N3,Hstep,0.1280267517276804,0.1384142668845085,0.9249534358658611
var,Expanded DML,N1,Hbrn,0.009243898484611202,0.009059437992561033,1.0203611407464386
var,Expanded DML,N1,Hdec,0.009173947588281025,0.009239380885694776,0.9929179997855634
var,Expanded DML,N1,Hprbs,0.008863212516749557,0.009212824305712025,0.9620516165986466
var,Expanded DML,N1,Hsin,0.009348208786878592,0.009001133950333825,1.0385590125044073
var,Expanded DML,N1,Hstep,0.009415037340847858,0.00910157958535934,1.0344399290857975
var,Expanded DML,N2,Hbrn,0.009357378125613328,0.00912317848391425,1.0256708385254123
var,Expanded DML,N2,Hdec,0.009192885046210032,0.009328361679701058,0.9854769102932802
var,Expanded DML,N2,Hprbs,0.008894919939609608,0.009305625018039207,0.955864858337464
var,Expanded DML,N2,Hsin,0.009409790820785774,0.009124751238101858,1.031238066139676
var,Expanded DML,N2,Hstep,0.009328586385005036,0.009150904774322281,1.019416835281833
var,Expanded DML,N3,Hbrn,0.006290010436075359,0.006120113233934744,1.0277604671100808
var,Expanded DML,N3,Hdec,0.006144600555396991,0.006211457762063893,0.9892364708530695
var,Expanded DML,N3,Hprbs,0.006195692297523073,0.006465230608267603,0.9583095596930681
var,Expanded DML,N3,Hsin,0.006332735406358067,0.00639478090540882,0.9902974785268602
var,Expanded DML,N3,Hstep,0.006381593881715847,0.006547082541393698,0.9747232971890066
var,Expanded DML + graph zero,N1,Hbrn,0.009243898484611202,0.009059437992561033,1.0203611407464386
var,Expanded DML + graph zero,N1,Hdec,0.009173947588281025,0.009239380885694776,0.9929179997855634
var,Expanded DML + graph zero,N1,Hprbs,0.008863212516749557,0.009212824305712025,0.9620516165986466
var,Expanded DML + graph zero,N1,Hsin,0.009348208786878592,0.009001133950333825,1.0385590125044073
var,Expanded DML + graph zero,N1,Hstep,0.009415037340847858,0.00910157958535934,1.0344399290857975
var,Expanded DML + graph zero,N2,Hbrn,0.009357378125613328,0.00912317848391425,1.0256708385254123
var,Expanded DML + graph zero,N2,Hdec,0.009192885046210032,0.009328361679701058,0.9854769102932802
var,Expanded DML + graph zero,N2,Hprbs,0.008894919939609608,0.009305625018039207,0.955864858337464
var,Expanded DML + graph zero,N2,Hsin,0.009409790820785774,0.009124751238101858,1.031238066139676
var,Expanded DML + graph zero,N2,Hstep,0.009328586385005036,0.009150904774322281,1.019416835281833
var,Expanded DML + graph zero,N3,Hbrn,0.006290010436075359,0.006120113233934744,1.0277604671100808
var,Expanded DML + graph zero,N3,Hdec,0.006144600555396991,0.006211457762063893,0.9892364708530695
var,Expanded DML + graph zero,N3,Hprbs,0.006195692297523073,0.006465230608267603,0.9583095596930681
var,Expanded DML + graph zero,N3,Hsin,0.006332735406358067,0.00639478090540882,0.9902974785268602
var,Expanded DML + graph zero,N3,Hstep,0.006381593881715847,0.006547082541393698,0.9747232971890066
var,Expanded DML + graph control,N1,Hbrn,0.10895114036908163,0.09170141963294673,1.1881074557534699
var,Expanded DML + graph control,N1,Hdec,0.10911690669816493,0.09442340532062116,1.1556129153322843
var,Expanded DML + graph control,N1,Hprbs,0.11477681075215876,0.09563473795938582,1.200158155929723
var,Expanded DML + graph control,N1,Hsin,0.11050097244642104,0.09768771556257863,1.1311654880048276
var,Expanded DML + graph control,N1,Hstep,0.10947123264406444,0.09277048598278259,1.180022196546231
var,Expanded DML + graph control,N2,Hbrn,0.10369073450571084,0.09290186750646637,1.116131863533244
var,Expanded DML + graph control,N2,Hdec,0.1044425808498835,0.09389380570768359,1.1123479345915646
var,Expanded DML + graph control,N2,Hprbs,0.10718997652133144,0.09399236441088969,1.1404115344172863
var,Expanded DML + graph control,N2,Hsin,0.10780967701990521,0.09757400586958823,1.1049016186134388
var,Expanded DML + graph control,N2,Hstep,0.10751737973795483,0.08928213511014124,1.2042429272700301
var,Expanded DML + graph control,N3,Hbrn,0.2043758301221103,0.12967240784523876,1.5760934305008703
var,Expanded DML + graph control,N3,Hdec,0.18959084700890091,0.13172598725525095,1.4392820350742395
var,Expanded DML + graph control,N3,Hprbs,0.20599342431173304,0.13349500641697992,1.5430796240295297
var,Expanded DML + graph control,N3,Hsin,0.21764200071250858,0.14618534443923809,1.4888086185887905
var,Expanded DML + graph control,N3,Hstep,0.1840081188295676,0.12553850309433903,1.4657504613647505
var,RBF GP,N1,Hbrn,0.002587430075929707,0.0023529708645088324,1.0996439076052122
var,RBF GP,N1,Hdec,0.002709671987546364,0.0025339187368611923,1.0693602553738089
var,RBF GP,N1,Hprbs,0.003021747758577636,0.0028703395600928176,1.052749228903051
var,RBF GP,N1,Hsin,0.002513632408283688,0.002396069198283252,1.0490650312122323
var,RBF GP,N1,Hstep,0.002811146543848564,0.002502662031495649,1.1232625534213891
var,RBF GP,N2,Hbrn,0.00256818902058222,0.0023904576541626302,1.074350351327118
var,RBF GP,N2,Hdec,0.003397347290994651,0.003874336501435463,0.8768849297772444
var,RBF GP,N2,Hprbs,0.003223745375584456,0.003005822262915822,1.0725003322243132
var,RBF GP,N2,Hsin,0.0025554154047935825,0.002392811709729096,1.0679550732735654
var,RBF GP,N2,Hstep,0.002852125887267335,0.002490312897845355,1.145288164284506
var,RBF GP,N3,Hbrn,0.8090054536361372,0.6334901955036157,1.277060733344088
var,RBF GP,N3,Hdec,0.9656931228957122,0.8224626362552211,1.1741483203329917
var,RBF GP,N3,Hprbs,0.7659053370665585,0.5366609403329117,1.4271680301373109
var,RBF GP,N3,Hsin,0.8176901386439145,0.20952909067401562,3.902513660578392
var,RBF GP,N3,Hstep,0.7651295875495244,0.6184149080874507,1.237243115493145
var,Matern GP,N1,Hbrn,0.003227090546521656,0.002669996833177305,1.2086495783148206
var,Matern GP,N1,Hdec,0.009851287668550219,0.007995081875581015,1.2321684532885802
var,Matern GP,N1,Hprbs,0.00281170457257235,0.0030115709012816386,0.933633862438958
var,Matern GP,N1,Hsin,0.0027280153262866516,0.0026738661404505856,1.0202512702550401
var,Matern GP,N1,Hstep,0.008349079611761468,0.0058314301191430985,1.4317379169740143
var,Matern GP,N2,Hbrn,0.0029451062967015087,0.002651809710312301,1.110602425675056
var,Matern GP,N2,Hdec,0.009607489386147403,0.004388738783065707,2.189123085479285
var,Matern GP,N2,Hprbs,0.002835941698322968,0.003060872123596975,0.9265142690738478
var,Matern GP,N2,Hsin,0.0030228651709213426,0.003522308877254273,0.8582055907821863
var,Matern GP,N2,Hstep,0.00890726550384754,0.003230391452342267,2.7573331700680206
var,Matern GP,N3,Hbrn,0.02785110604208763,0.007519782485228424,3.7037116561279912
var,Matern GP,N3,Hdec,0.003701688419658641,0.010302675434125637,0.35929389830116437
var,Matern GP,N3,Hprbs,0.00938707190308533,0.01569557048741789,0.5980714055988172
var,Matern GP,N3,Hsin,0.009687150463662607,0.01279965024289303,0.7568293101634844
var,Matern GP,N3,Hstep,0.0031906699116354986,0.019988869750495374,0.15962232739829754
